sha256,botnet
de6a8b8612b5236a18eea1a6a8f53e117d046cf2ad95e079a6715af68f8d2216,Epoch2
5860ddc428ffa900258207e9c385f843a3472f2fbf252d2f6357d458646cf362,0
cbca9a92a6aa067ff4cab8f1d34ec49ffc9a06c90881f48da369c973182ce06d,0
eee430003e7d59a431d1a60d45e823d4afb0d69262cc5e0c79f345aa37333a89,0
a159a9bfb938de686f6aced37a2f7fa62d6ff5e702586448884b70804882b32f,0
cf7c754ceece984e6fa0d799677f50d93133db609772c7a2226e7746e6d046f0,0
1097bf8f5b832b54c81c1708327a54a88ca09f7bdab4571f1a335cc26bbd7904,0
aea41f0fe65b8d414fb0130089ffd84662e94062bbded7fcdfb144a8dc9156b3,0
39a991c014f3093cdc878b41b527e5507c58815d95bdb1f9b5f90546b6f2b1f6,0
1f52d643e8e633026db73db55eb1848580de00a203ee46263418f02c6bdb8c7a,0
65226d59bb790120af2ad70d48736a8a223f6122d6ee5dd6b48bd5c47ff94b0b,0
f57fff1b8acdee475b161ec1313452f0fe66077142fc677a63f7914a96890bae,4
f69fff5106fc73672569abc62ad85cfa461c237d9222426db20d6565021c110f,4
533e14cb3a1434f68321fb9fd2a2e66d0a12ce16f792ee47e77edf8eb2aeac21,23
2a1eca5bba62227a6d1f4fb1686b8c65ba2e6fbdc457de6f6771df72d30e8023,23
bace25c1ec587d099b4c566b1a07978dd9cb3bd67c2acaa55d2e4644a7877070,23
66ee3840a9722d3912b73e477d1a11fd0e5468769ba17e5e71873fd519e76def,23
bd5d3ebe6150f53c1535e1667a18bbd4831751a414e7518dc8e1d15a19db95b3,23
ed01ebfbc9eb5bbea545af4d01bf5f1071661840480439c6e5babe8e080e41aa,23
37f1b6394a408e0a959b82ff118a526c1362b4ddc1db5da03c9ffa70acaebff4,23
a692bbe64eda1b685473527488355056a35fb2decb24eef00dcacbe888e8d5a5,215
6ec8b7ce6c9858755964f94acdf618773275589024e2b66583e3634127b7e32c,302
af04334369878408898a223e63ec50e1434c512bc21d919769c97964492fee19,302
15abc3f55703b89ff381880a10138591c6214dee7cc978b7040dd8b1e6f96297,302
0660059f3e2fb2ab0349242b4dde6bf9e37305dacc2da870935f4bede78aed34,302
4587da5dca2374fd824a15e434dae6630b24d6be6916418cee48589aa6145ef6,302
2a429ec2e65c9ab480febbd37b5591efb7cf42b9fa14d69ad651162cafd72a46,1002
d77234374d79b24022c26ecdd16a684ae7e94efba502422d74852b0eddd4f1b4,10444
84d3573747fbdf7ca822fd5a48726484c8b617e74a920dc2a68dd039b8f576fd,12333
26c6167dfcb7cda40621a952eac03b87a2f0dff1769ab9d09dafd09edc1a4c29,39508
d18d211cf75fbc048d785af92b76a1aa7a01e381313b1a5e66e9cf564cbe78d4,40400
b0699861417da2e3626eb78d62d305b7ca5e03f06e5e6bfd0eea99d64306495e,40400
cc33c8c4eb3588fdd48ddb081f77040283c2f6b8c37777f8202b858b64a5952b,40400
c37accc1f995cb32235edbea877813109627eca4b209f060bee357489c6bb31b,40400
b5b71c61a29f80c667772f5d008789816e0c7a53193536fc660a6f72009b23de,40400
fa61c3c9e2089deb3f2b40333f5ee0860177692c436c50b07eef85993a1dbfa9,40400
02ae3920fd44b23de45db38a9f24cf312e0826c6249cd54b3043a534a15434da,44642
21c49eb8e92caad831f9309f2af28f43757e0da24b4d0eb97ae73af937d5a004,44726
1ca4266f213da0a4cc42a8a9cb935d2e708a18537985a7fdcd767dd808706af2,44861
5e346bad5ee6cd19d40997ac34b37d60eeb8fcafe7d8d618393e01372eb7c944,14042014
7cc19219e84ae56ee2e258eace9ddaeebd9efb7145dd25939444f6b822b783f8,24042014
c4ff632696ec6e406388e1d42421b3cd3b5f79dcb2df67e2022d961d5f5a9e78,305419896
d71a7b1efc4a06afffd94f526ad496368a9c4489296076449c74eec2d76ee4ca,305419896
c3dfcd55ea3b621537c1d7170212249d3d12f96a08d0e5c2ed1d4f0cf6036eb6,305419896
82a0e722f6746d6f1db58b365c0f15da135bff170d2000858d6e345712ea8732,305419896
48b5fb3fa3ea67c2bc0086c41ec755c39d748a7100d71b81f618e82bf1c479f0,1359593325
2fbe9b3eda5da1e2eded989941fdbb4e967245a53231d9c0c9333eb6486215c7,1359593325
83b3bfd458fd458c6e95a1b580adb5c8b7e0e029468d348ea05879638a9aa243,1359593325
3b94cc71c325f9068105b9e7d5c9667b1de2bde85b7abc5b29ff649fd54715c4,1359593325
44f79ddc089fbcd5325f7786389b22dd99cdaa0c5d0857248f78a3f9abd542d0,1359593325
74202eed181e2b83dd0ab6f791a34a13bd94e63e86b82395f9443cb5aeddc891,1359593325
a4f1f09a2b9bc87de90891da6c0fca28e2f88fd67034648060cef9862af9a3bf,1359593325
ca66b671a75bbee69a4a4d3000b45d5dc7d3891c7ee5891272ccb2c5aed5746c,1359593325
ee42ddacbd202008bcc1312e548e1d9ac670dd3d86c999606a3a01d464a2a330,1359593325
ee44c0692fd2ab2f01d17ca4b58ca6c7f79388cbc681f885bb17ec946514088c,1359593325
2f92d416f73472db1ebe880b3bec677bcb1d96d6ad62974da00b4be5f6d61f5b,1580103824
7963ead16b6277e5b4fbd5d0b683593877d50a6ea7e64d2fc5def605eba1162a,1796211805
3fa2591b208137d68aa87da931d9cc152a62250b7d26755818f362fa5015a99a,%4.0%CDT%
1e4d0cc7cd24131eea82f2cb899a349f94471eca147eaa828d2f51e0c445fd97,.ıllıllı h a c k e r ıllıllı.
0320f7dc875cf0c1f14bc1b9cb903383526e370a0d1aa24e46b5f130d080a698,@dingicash
1267de2cca984503beee85b4aa2851fd225127a0eddccd1c1ceb295edf8e85dc,@dingicash
6a3f6d84de8af698c892ee8bf8692c3c983eb2b4e5ea4bfb74e3ebc0ea4221af,@dingicash
73f6b671f2ebc09a75dd565f87110dac59e14c85cd1fbeb88b287b06a56d0ce5,@dingicash
7d504cc5f6239d4010a94dad7189edc78a5c0cbf814c58ed2ade30f35dbf3103,@dingicash
827db97b1bc0843a4098668d4571804efdcc68a9047b0df4963bf0d1262dfe7e,@dingicash
f2e03554a2aaf7383f5b0b61773c18da9b7afb67935120fa322d7dfb4ff46219,@dingicash
0320f7dc875cf0c1f14bc1b9cb903383526e370a0d1aa24e46b5f130d080a698,@seruzha
1267de2cca984503beee85b4aa2851fd225127a0eddccd1c1ceb295edf8e85dc,@seruzha
6a3f6d84de8af698c892ee8bf8692c3c983eb2b4e5ea4bfb74e3ebc0ea4221af,@seruzha
73f6b671f2ebc09a75dd565f87110dac59e14c85cd1fbeb88b287b06a56d0ce5,@seruzha
7d504cc5f6239d4010a94dad7189edc78a5c0cbf814c58ed2ade30f35dbf3103,@seruzha
827db97b1bc0843a4098668d4571804efdcc68a9047b0df4963bf0d1262dfe7e,@seruzha
f2e03554a2aaf7383f5b0b61773c18da9b7afb67935120fa322d7dfb4ff46219,@seruzha
cb457186690b39f2474f786c0ddf6ae64c39668a81c953a2c639d074e48aef63,[SUNDAY-JULY-26-2015]
df4bc0d07bc6c384a0bf015959ea86cc7fd26853cd74f106e1e1711eb8d33bac,\u590d\u5236\u590d\u7f8e\u5236\u590d\u7f8e
3f330d95bd8bf7c71809189a1aa5285fea9d63fc7d193cda4b827e04bfa16bb3,|Erica|
6e8fb5bd72f4995c7d33feba7b233869cd5e5e345b3d0a031329fee385c36b8a,|STEAM|
418655281c560221783f5b6f418c6d3d5596080db1d257e570c14f230cbe48b2,|STEAM|
9d6cc6254427c9032fa0aef4f42959c8ed8ea746f236c09ab00b0afa21f11e18,01\09
5586970e711d7ac4472f77bbe4b25d51a150eed87c4be3b3b696d8dfa2ab6b96,05.07.14
dc6ae027272ef367dc71e7cbf7457f345a811f52b04e9557cf8dbb2bbd60c7dd,06---03---2015
15e3c8b2cfb1fae0a187233dedbc4c2ae516b5263c8f1e46ff0cff4c4d1e5f75,06---07---2015
3928ea510a114ad0411a3528cd894f6b65f59e3d52532d3e0c35157b1de27651,07032015t3
c242bfb6aa6d47087d77d25955bd48a5421fb0353049828ec99d44e119874b7a,07MARZO2019
8641910c61f213b8f3643405387fcb92161e3e11fde5f2546b58dce702d702a6,1.000.000
ee44c0692fd2ab2f01d17ca4b58ca6c7f79388cbc681f885bb17ec946514088c,1359593325
7d34f25ad8099bd069c5a04799299f17d127a3866b77ee34ffb59cfd36e29673,1359593325
ee42ddacbd202008bcc1312e548e1d9ac670dd3d86c999606a3a01d464a2a330,1359593325
96f89ae023dccbebf8bfd49962befb97360c5d0ab60ffcc550a312cb6a1d8205,15 ÀÂÃÓÑÒÀ
bdb119980bfbe4b66b339e1303eb31691e8c120863f60a449c0837f2b3673de9,16  septiembre
6484651244da52bb8825d38d7f21aac2a71bb20ccee1c9e93ec5d24ab590fa11,16 ÀÂÃÓÑÒÀ
8c2eae88d831541e6bafef1c4557694b1611ce4c4fcf82cd565ff5e8eb60f7ba,17  àâãóñòà
2a10aa2626f4afdade579376ff9dbd0c3d59faf3ad049ae2b512e521ecaa4588,17  àâãóñòà
9d41cf0ebcca829453644dd63417442640992586234ea3c1b5e212dfa322df58,2 ÑÅÍÒßÁÐß
f88711a5dfca2b69cf49a167e5e95de731477e127d3248493b2c218979c64f10,25\08
5f5f1b93913bb05066ba6c017f004525951f587cea100884421775aaf7056f63,26.06.14
35d63d61f12598d5b85475f85cdad05bee0e0afb3c3e65799d1325a224ac66d5,28 AGOSTO
5d54ecab41e5fc7a1e3cc22772d3ee7f9f0831238de72b45cca9b4d45f79a952,30\08
5a1605492e82a5fa325fe97f4e859591dc2cbd9c18bec3ad26c1c2ef09e358b5,31\08
0b02b38446b4fc57afd1ab12404c371fac5c573be2b2e621b5d932747ee900cc,ïàçëû
2ec3a4843a4143dcbc8ab51b9f5d08b9dbb32d1aed09be265d71d443d2039262,ÑÒÈËÅÐ ÞÒÓÁ
df4bc0d07bc6c384a0bf015959ea86cc7fd26853cd74f106e1e1711eb8d33bac,复制复美制复美
01edd4db4d3cbcc4b62b61eb5fb187f391041b6a8c81e87f42725f64a5176910,ÇáÏÚÓ ÇáÓÑíÚ
0ace1eb531859e4b44762e7af5b7ad4936b99aacd1466fe72cbe31a92886b0d8,Adimin bom
571f3a5ef318aaeae60030a6d3d075843e9c00a6588cdc96122ef9be6aecbbe3,admin
4e3358f2c55a09345d65387f5f85ff330ddc18ec9223b773c32990433ae3cd57,Adrell
6385e64dce8e5cc723fba17edfddc8df6ba18ba2a05b5dd60ac474efb445789b,Adrell
81a058522752f8f11c5045ab81b70e673f79cc0504a9f1a565f324336064a3b7,Adrell
d8c1ccb824ce06a0374f673803bb6247e364145984d25feeb61ae4cbbaa87861,Adrell
64ad814038c37cd199b1612c22329244a66d8fca4a0f9953cdd3d1b1ee7b2f95,Adrell
abcce639df67279c73f327b2c511183c00ca96555fe481a4ae417bf752c96efa,Akhand Bharat
abcce639df67279c73f327b2c511183c00ca96555fe481a4ae417bf752c96efa,AkhandBharat
620b8057f975eb2475b9a5a0756f21d4b866acc1f02c418ee3d994b74ee6bb77,Anjola
373b3164c16714061fa622406c3a012b44f1b6dfdfe5874fdd8e9bb8517a8598,Anjola
de5992f7c92351d1011fbece2d4bf74ecfc3b09f84aedb12997a2c3bf869de2c,APRIL-BLESS
11579b7905eafbd4ae7709bfaf880a2442ad37257ebccedd1c6675b6ac45bb0a,Aqalim 18-2-2012
0c317341cd70a643e42b32337344378d7ca7e7ac2227fa55b02f4fc01f9e8868,Êã ÏÚÓ ÚÑÚæÑ
dc8c23bc6311a4c7f073e3227f392bfb163724f257d08d258d6a3f608b13f9e7,Êã ÏÚÓ ÚÑÚæÑ
b54a77ef46deda4bbb3444b191bfe3008567eab10e46ff7c5e669ffc00ee62f3,Êã ÏÚÓ ÚÑÚæÑ
8a57b906e5c6a098439a55820c866b2171cf04584b85218cffb03e989e3ae531,ASAP
b948377fe2abe2ee5fa7939967185aef5b392fbc26d15c262d97ad1c21252ebe,ASAP
94a3b5867d9804f89ea9c1fc8581ba56c83a80f0e77491a380a919377c79af57,aspire1
74d007f53159bdcc2cc9e3496f165720d174210719a7a8a7abc0c133ab296b9d,AURORA
243cac1389a2ebacc04e349eab8a9d7297458d712730433c753bdee772889bdf,AVENTURA
603e5ef8b01ea49318242858e5b9db4155c86549e30a908e905e809b898594b0,BC
8ff325ff588185415cda0ae5a62de2b8352e8d138b8db0ed568cad2dcebc4b64,BT555555
877453c0e614e732eb9ee378693cf92263d2373e09c8287e3a4a821ecee29764,C.D.T 3XP101T CLEAN
116da8803ac9b2dd7e1149567f227d552e84db86dd7a33ad69e15b560f0fa177,C.D.T-3XP101T3D
3158906cf7cb3186654bbb62d087b9a150c12c51d2ad67dd9003abeb0f69626a,C.D.T-3XP101T3D
2945e6424f51e6077620a867e0f9c725b9b816164366912289ab6c24fdfcb9e6,C.D.T-3XP101T3D
96424d66b7423dc54b35e4968a809a8b67d1dd8e7d8d3b0d84434edb94c822c5,C.D.T-3XP101T3D
94a38857ebeed7d10480fb91a391a891d5a11137fabb8fc67b71c989b5e328e6,C.D.T-3XP101T3D
88d1a891cfdf09b7e1882582a82c3218d5606ed530764d34ee1410198ca9ee8b,C.D.T-3XP101T3D
5370711dd45b84b9644b635d03baad08d75ff740364e93ed023adc9c4a297c43,C.D.T-3XP101T3D
4e62dcea72cf73481dd8dae2bbeb8e1352a5f2510f3deb98ec0b653a4d21f8d8,C.D.T-3XP101T3D
877453c0e614e732eb9ee378693cf92263d2373e09c8287e3a4a821ecee29764,C.D.T3XP101TCLEAN
04ebd3663b3066198bb0b96dcc074e93b281d65effa52f4607479b7ed4cda16b,cashoutRTD 2019
b00cc9a4292fc5cc4ae5371ea1615ec6e49ebaf061dc4eccde84a6f96d95747c,cass
03cb44736cdd60318af8399047507b011b95fadd4784b1607b28ad4940a9a36e,CDT MONSTER
3088fcd46c51e7ace8aee4e9bfb018aa1d0b0a52fbea62e5ef121e4fe637ebfc,CDT4.0
03cb44736cdd60318af8399047507b011b95fadd4784b1607b28ad4940a9a36e,CDTMONSTER
b2efb0253290b46c481c3faa86408aea7e0dd0b4e02bde3a7b8c0a2c24838ad8,chost
c0e2b4c1497818eab37f9a1f6fec54220216583b1db4d5ad67183da753b45678,ChronicEXE
a1715dedefbe7e066cb32f6a2bc2fdd805d5f421d493b7240ae347af21e2fcbc,ciencia
56ca9845318be57a293fb7bf3b8b0fbfab51f3e3748bf2ddf2f2316d2cf0538d,CLICKWELL
26ea3f4271edf083ed7a03bd40b79e8811faf0b175285fa6bbf5d02211c86e63,CLICKWELL
582e1a20371352d634d9a2788d9bfef3d425a585839357b8f4d3d386af12b343,Client
3378488a2930d73c433e9bbedbeb9065753dd5e236552aa80dd553a7e73ce693,Client
ad7416ee964b824c64116fe4752f2013aca22802cba378b4c68c347ec9ad1d8b,Client
a0b8635c9a7ed11f8d279bdbe0e368908ffd31a5caeb7fc9ae491f86347b4c6b,Client
3248338f08f0a3316dd06a3893ff4a38459eb812d2463265deb73eef4dfcddb3,Client
f759299c255908d9dc75e0a65c7abd3598835c7e29c911f238a2df2b77703db5,Client
17a97f5698f2f19b4b43dc985193f734f8146c83d73daf853df9506f58b696b3,Client
af4bb34b486434d235ff70d344e3fa4e6d56a83705e1cc288efe219edceded06,Client
14a8b1172f7f0d8cf9bc6fe3aa20f1700170b7e3ea280e85659a72099333e561,Client
721e44289afb034e90a67fb97eb5efd4d469bc95ba9863f16aed5e5909c76c61,Client
9e70c5b4e6bbfaa1f7d410b0d79aae92c23a88ce32f7b6e651bfcfeece407bf7,Client
99b9e3b1e096a9e19fbf0eabc7d414045121dc10a2cd825eea5b2ee3465621ee,Client
36884fba5e03e2bda056c5345d1e9e2af3d72860c116b0110c9a845fbeb68298,Client
e38f7a1882ac64fab611b3be73fda7eece5fb9a6ea131b36985aa60a0988e937,Client
f7f42dfc0745edd972064828479c2f022e841cc0a7d49e13f02a2b66f25fb260,Client
b1606f9dc2798f3bcb1db5bd72eeb4720ada1ba13e9d769d223f5f7df8be9a8f,Client
e12b45322be430a1355dc4e4f5567cc50b4dbbc48ad2253a9f22c5dc013eaebd,colapsis
792ca3cafffa781bf64c9ed27a7748d96c3325163d9c5606fdd7e7e880d0ff4d,COVID-19
532fab96d96c8458789ee349f59d1fcf9e4d34334445643d6ecee3aed5300b4b,CUARENTA
f351206366b9f263add16413bbdfd035a181d3141ca1e58d2aa5128a594b94c4,CyberGate Clean2
e77e78a514459c50891334b8cb8199ff04cfb151ffa29260516098d12f1267e1,D2RU
2b5a5d0754267b92b8b554ebfdd9f4664567fce2843ee253a95f283732e66185,DarkC
b01e228a3a1eadae8c2a23a315ec1b758672d4847ead57402d6d760377104ee0,Default
4717ee69d28306254b1affa7efc0a50c481c3930025e75366ce93c99505ded96,Default
d793f37eb89310ddfc6d0337598c316db0eccda4d30e34143c768235594a169c,Default
ebd7809cacae62bc94dfb8077868f53d53beb0614766213d48f4385ed09c73a6,Default
3357b66c29f17a70151645c4a4952c7b4c81b1f42532e8e84c137e2c27d95a2c,Default
76cfef39203199224c8bdf5068a4ae8ad97c00a6da3ba5765b6e4ca0a95a4da5,Default
67250d5e5cb42df505b278e53ae346e7573ba60a06c3daac7ec05f853100e61c,Default
d452cee94e3a2d58b05e9f62a4aa4004c0632d9b56fa8b57664d295bc88c4df0,Default
3822efcf4cc76e1e0e8855d9f9c9ab5c236e118bf14fb004a9f048aa845de967,Default
5fead40e3e8feebbad0847abc15af72969fa60d19c2516fce00c8fa9781fabd2,Default
a46f4721441cbabed3a8dc3be2a63cc7820d619ee8e612923d19f4b418a48302,Default
1c0cf156221c48f7270e751b73339db40c60dc9159f41e4fc8a2caaef53ccae7,Default
d1f92c57c99756b45074e5a4450a5ee60186cd34fab75921bb12d58428e5b0ce,Default
8c8e3494796cbd908da7555cff60ed755b18d2b24b398d57a1d8622990d47495,Default
982fb66d84c3d4c8665af9d24a22f3a32c4b9c1aab322db2c79cbe618ed28294,Default
c8ca46366ec70b0463b3ee7e747c1c22e1d42f7e7e77e0e896edf99aebdbeb10,Default
6900ef44760cac95afb2d10690cfd59f5524606d9e3feb641e2c5cd01d8f5ed5,Default
6a5b719d891f1eb61d97257cec527d2dfd7a480cb62dce353fbc445306e17cde,Default
fd2c48534e4067d84af2efd9d66007ae724a39b42ddf8e19a7f5ca3d32936d40,Default
64345e03d3cc3c080eeb19bdc8db8ddd386083bae3690554b22ee97471354f33,Default
7e4b04eff7a729492ae46042d0d7183b0e29f111bdea019a1b14d07744df4c23,Default
c8814c1c14499f91edcd6d526b22638b15f11a288a574f3c35127672f90d7be0,Default
f506c6e386c0d03d67dc82a635bd163b079c1be05fc9b288954422b6ad51111d,Default
0dfa8436adae997a349ce86c6be8dded7d5633fb0f967d902945355201e45fb2,Default
c75a2077890df7bd8197a904e8d19ab59db98b393056f845ab6cdbda68d341ce,Default
8697dc74d7c07583f24488926fc6e117975f8a9f014972073d19a5e62d248ead,Default
ac4f554d93627a4b00821177189b2dcf245daa5740e507a459487c5a5aaf7a16,Default
43ccf1bf3334c7238b2fbc8ab9192859eccf7535a43332f2fc16e710a2123863,Default
00381ab5055eadf6e2e3d3b54519b2fad6b70354c3e7efc44a3dc81c80357228,Default
190518c5dd7f01e702a5c8dc1a6e67110662b7ef025d4ef678c6afb99ed7732a,Default
907ab14013ca5b760d2a16082b315bdfc54b4e9d44985d8cfb23fa43bc719cc8,Default
0b119b80a5676021afd368da94527fc9fe717e2abf5d94574d29bec307251483,Default
5b2dc2be60ce4e2b45f56c7e948d4cbf992bf03b491f88e9b38ba59451e94e91,Default
2a5fc364ad77f25a6655467a3b07a6cb99ece0b266a582df0de7724de2473da6,Default
0bbdae8713cdbb85ed8508140cc98c15c13fa8a82403d5ce848737d18491673a,Default
498295e3315135384e839b4e27850215d05510bd7dccff28af347d60e5ce9c1b,Default
c9abbb1aeea178e8c8626f85bece0c7d928f0aed2b693a01ade75041015c3ee3,Default
a0f258884b2e191ac6c24614756770023e955fb5b7430836c14275dcf5f3fcd4,Default
7d6788ad0f5411310d02f7e24fe1bc127c0f7c502ef587c585d92e040c37d188,Default
9dd8a6725b9c881311501b79770e4f1c9aee2c3b42f59f7694d48b67939eede5,Default
230da3c81c2fa6775bf81a43103e79424ad7483ca1946b70b09fdf462a7f95bc,Default
a3d44ec2a2d4b6795cdff6712c08017bb5afb44d5a7b1f7ea07eed95ba25b831,Default
0f05bb1a65af5bedf405354728aba4f9b021269b3f96a96ded24702688fd7f72,Default
8ec3c671258940f0f97bc07afe234616bd2235d0bab299f84c7b1269d0da9c68,Default
a6422e864518b38336da336d15e97ab9e2040bf7c4f28fd80827a8e11ad388d4,Default
d88abf38f8dc5f4094dffa816021922488b318119ff8ceb2c236ea6085df1a48,Default
42c04f36d21be3f9ecb755d3884dddb783b04c7b8dfa94903a0b32ae63bc85f6,Default
13cad19e58cb7d6ac1752e14b986960acf423661d16245068c60810685bc4fed,Default
6e0eea6d05ec7748d580bed970cb0dff17fcb77073ba777e3ebc06818216f536,Default
3ed9eeabf83f5155c9741cb79eeb121df08feafe8c4e55ec5037fe05cdc4ccbf,Default
a7228826ebfe312b7498cc1d990c9bc204118202e2d2f9dc3a828bbe7befd667,Default
e8aca8f27af178b2c191206c7bc04bfddc604a78b95699a72ca20c22f618c9b0,Default
825e922dc9f1814625dc7a48824e853f63c08e56766fa988d18119c2f900039c,Default
a49210b614cbce0405a2e5c08b47bbc4ae8aa933ddec3a5b1190f4faf2e2c830,Default
b4c432638f72d5a9ebb995b87383598bf5e373bf1c6e8236fc5e308a3cd67d89,Default
6aec30bd42fef3caeca35567a341224c528e810dd401d3e7920b827c5ba7253e,Default
26437b47dc026ea0a9510214fd5f028bc28e74e4fac681a610908d8117566b02,Default
fa1d131e8ec8452871a65e4994b6b59781c42e16792960f24a8cb575ceb61278,Default
c9e2452b4d231ce272ea3b0b887de1a6b0ddf8c68149953cf3e69866d5a9875c,Default
d576d9e98452ac972fce6f787353f59587732aac6be8bd948fe38b4c23bbe682,Default
cadc53c72ec5abe2646caf068b06c4abc325216b04879ef719e0b5b8f2140daf,Default
0644e561225ab696a97ba9a77583dcaab4c26ef0379078c65f9ade684406eded,DefaultV1
373accd9246847fbfe669b2fb046ea8c86618692f4c8db30d8ab55174125a2ef,DESASTRE
f8ff6706daafd040978f77ced7b5965aaa8304cd5297197f790c3532462667de,desp
dcea2e230e0d0c483e0b816f4a8b58d9c0f0eab18a2d4db03a04fa257dcce4d9,desp-curri
038ee601e4d9702cf23133b7bf694beb5d28afb999739c354c4d6e0f7c269f22,diversos
53d210e4071f82b4b738bc7b2b1aae5831a37ae4372dfca3f09336838f50fb94,DOS
814e455f4bee7cbf103c29a3b6f1a06f7dc3bbe2185f1bf13d29c6e08e33af5c,DOS
e705642623688a534fa6cf4d63edad3f81886cdc1a3eed0f62fa35a25708b532,drayver.nVidio
f0bd6a4a3728c955bfb74b1e534d298b3faef9e00b688d96022b063d544499e8,drayver.nVidio
1c604e040c04be9fad3129d7bd9c69b7f8057050b2002605dde1f5e60817f89a,DROOPER CDT
5dfd79503b19b67052ec060d74e1f2a9a5ee34de74d578c5b4499468bad8f1cb,DROOPER CDT
1c604e040c04be9fad3129d7bd9c69b7f8057050b2002605dde1f5e60817f89a,DROOPERCDT
5dfd79503b19b67052ec060d74e1f2a9a5ee34de74d578c5b4499468bad8f1cb,DROOPERCDT
d40216847c36f26644e68ec637321b9ec272c442717562414dd34c2ff087cd23,EGO NNAA
213eecc6c8dcf62e5c6e49d8e9b66f99940a7ad4d20d7a5b228848838b66f45f,ELMANJA01
cfb7d7c6a5dbda5737e492bb2bacfecd975a4c0977050184a948dd5c25ab8b7d,Emails
e33e84eaa3927718708265517dc6d1fd5ef16fca47dc818505a6c7216cd162fd,Emails
e1d80ac40fc78eef9d28f7c84b31e10eedaa4ff3044a53955557d70e8074f9f0,Emails
1f76c2957c2c39ec83a817479dda38c5047d153dbe466c2aabff7b4354e0647f,Emails 6
0ff72ba33898c07eb26ffea210fab9fbe199aa54f55b2be68b9dea94273e624a,Emais 
a8379b51bbc6b2bb37ca4d15afb59dd645cb565ee3f0460ff0bd257352d85c6c,Emais 
24bd38251a32db34724eee650b3c7ca3c7925cd12c726b07039715df539771db,Emais 10
0d05a3ea032efba809a6695af39b848ca801d5dadc96f1e572a217194185055a,Emais 10
31c0d26c2edd1b2d59a360ce272eb19ffed3b630757e94336a75c2e1e6a3f729,Ene20
de6a8b8612b5236a18eea1a6a8f53e117d046cf2ad95e079a6715af68f8d2216,Epoch2
a066943aef22d6dde725b0334e69cba4436e38af991f79fab037c3e63d4f463c,ESCOBAR-1
35eff02140b6c8ed8d34cfc40c5032525888632a964ea9c8180c0912e69b32a1,ESCOBAR-1
dc52cb3d58087c26b2c4ccc95ec2a50df8b2ada10d368251b836b033f36eb0e3,ESTACIÓN TERPEL
13747da2dc6d5e123a657f63178aa44bb811c3f03bf49607bb46bd8f412a102f,fe
01a7bc86f6d2003ad0fd9a52576c451963f926ad2e5be388fe2a02d1f54c1e04,Febrero
d1b560d079b7f19a62e4461f562d76a5076c2d24da8f0455cf5647c634e602f9,Fideli
5aeabf6af7ec72e14269699ca9c32c42b278b620c523efacd06316b09764acb4,FIFA 2020
773dd394707e7cade480bacd4d9f90d35be83c397a50e60ad016937cd3213566,Google Update
cfbe762fd66b7293ac931bdcef02834a8fb7d4ba8b75bc9f5b06808aee490dd6,Google Update
5c9fdc2f5ea481eeac1bfca8c1e735a2215a2e4e57ef04463d5c8f7ffe504724,Google Update
8fed95fc789cb3c00e822776dd1d0e1586095b85849f2b7c29e4a4b649d066fa,Google Update
a539dce6244988aa7c905ba402b8426bfb2c26a5273dd2c991cfcd46efcdf81d,Google Update
49feeabc85ebea1304be6fbf4f54145f12a779008912d5e1b18c79bec842b418,Google Update
070439ab8730f575894667f729b149c4e93d0c2cc8a39383c4f72cf11bbf78a8,Guest
93755e5ce7cc50509e5a03fff5f6cdbb71020951da8548310c4fe68c1fa56661,Guest16
d48246216927a7c7b3f9e5525ba132c73828c2d0e5254b148be192d76f5a2315,Guest16
b7e6a98f0e2ef80003c42c5ecd2574526f82a56fb3e9c2f6c4bd6b3d6e965126,Guest16
aed8b0be53abc3873bd787751831cc1c3494968496d4c5218193a1001389cacd,Guest16
81e93901c6251794a035c30a80bc05b5546ba44c0878d2e9062b0aaedf93eb7c,Guest16
58ae22c13ef6d9addfd8e38d96bf72d9ad17be2dc036063031e327cd014e2351,Guest16
5648b43285cfa6557a7e4b70b31dbd15e7bc6b3643eec9537bea82a0367776b4,Guest16
3aa12e41014f608f6c49310ccff5cca8199939872fbdcef66e6b6c48109e6a7f,Guest16
1fd4bc2c7a94c377fabf1b915057e911a4f0e1292ec47aaefc0d196adf582111,Guest16
1adc4f09c95abfa7287bfc393550fc7ff1068c2efd331945f7f848bdccf4cb08,Guest16
f43791002e1ad551ffcef0beec7762e42671485111b6ee8b595d9ef899d1c077,Guest16
159f66960010b415cd7105984a2d6b4d40f83d4add4ca84428640f32d2b76efe,Guest16
155f9a071a3bf46b99c8423de482265191a124c15668300d7258a6d56eababbd,Guest16
d90a53693c2efc4a8442f0bb9aa33a094ce4aac9f536b4b6e247d2f0f7f8943e,Guest16
d8abed3f23bcb188dd0e06178497e893615d4fdd4f2ec94bdbaa1d9659a3b5a7,Guest16
d79031c1dc82ba24863da8aecf6d452c066875f52e5bf71e912c8e5f3824eff9,Guest16
f8e8574ed192ac8529f3cd1e62ca56d3e236d86726af2c71c0ff448d179c5b64,Guest16
09e40934fe3d7d508552a589df38b9f33c70bccef2624d5f8fb7d720256399b8,Guest16
e98adb3d4a0d1d35af9e8ca21746402e98904e39db6a99a54fd8f029c8c094a3,Guest16
16513eaf1ab0b9489cc8c7faf5c21b7c6d26f13bef34c074cf49f538ffd9898d,Guest16
1b50bda5aac6539671ce72829961b3313b9df7430ded13b90cd84a6f9e24a19f,Guest16
2d175534427844bdade1a80e49b37cddb3dc0b72bc4c09331c630606b63c5ed6,Guest16
2ec5a7bb02ff4b6d554180ccd7c502051a05cedbc7d6e66d6cd84f4ecd6cedb0,Guest16_min
49614e87a0b76a4a563f25bfda0c2573ee38b4b4c8ca3b2e526746484391489b,Guest16_min
32dfff3c64e62fd182c1e22944ba8a92508b987083960be42d27742344e4e843,Guest17_min
486c32527778d03a182ea138b120e65894c2a56694475d46cdaf8096c8315ef2,HacKed
dfd64e1ef1c5f78a9ffaf9484ad944428a42c506d4bdd4abd06c36af1286f830,HacKed
dd2e456d8c219c112ebf0d877da739ee9b56800e0e32280a2fdbea3781c8d5ea,HacKed
a4b02bd5709d2ecf0d97b55b5fa5ec6bb61ba7325e21a5fd662527e0c97e1b01,HacKed
fe0b99ab0c9407633a96ee5ac25e2ac5505b4dabc597741b12aeea0653feacc5,HacKed
0411c097c4782cc546edefc9d61b8f1c5b2eb9dfd52b218d71b0379c069b073e,HacKed
2113e6037585f1a8d8632900ca49840e22e5fd044855cd7c9f6a8f2382357c06,HacKed
7bb4b6eebd9747127887e6d21ecd3c29cf8ff23795ce0df58ff5e7679d4ddcf0,HacKed
467f04914a1e6093bdaf5c28884bf95ec738234033b3292d289a0799de196d49,HacKed
4c49c340809924ca6e4a87cad9209ad006ae89bdb38d9fa998599c065534ccf4,HacKed
01db025f5878054f556dbb972e62ca5ec38a44a2ab9291e53b6cb019e89e3b95,HacKed
233aa10f5c89d48d93c689c7593bba95e29bc570e2819317d4863471ecf2dc02,HacKed
d6f7c6720ba9fa9641906eee74098fc4bc825ac216d95f738a2fa51cf3c00384,HacKed
99c065515cad2265f7f826e355c22f8c677682da498d2ae74b2cb96ee27c5ad9,HacKed
7a08c9a6765b4ded3c8089b834f524f2c7cc7b5400278eabba16db8f1c1d54e2,HacKed
4dea3a8ec40207fca613640e5e2a3c12215f80ecd68ee0496f68217d68af2b57,HacKed
05a5bad78cdb97a78ca13bf4afa525a5294dbc9e6babb41a0861d48e76d64bcb,HacKed
23ba4ddbe999f329582bff188778d1e27db1e8182899308c77a077f087878a2a,HacKed
28dc42f7c79bc17885a992211492b5c34cedf62d496dea3e179fcbc553c95a17,HacKed
079f4eefedf1e791c5fc4c4fb0f29cdab4d7b3ee9a56d77f8caac6cfe00f8dac,HacKed
da7e5ec0d5092ca213e7b8abf44e9b9f7aadaa5c8dab2ed08a4315ee28870004,HacKed
d533467474b94674c8ff4ff0c2cd19cd55152d29f1ecf58ec028e23f46cf779d,HacKed
cc511fd5fb450965ea680d90fc2a56282c52f8ca672fb8584195b4cfc614c223,HacKed
c8066ab6a2fcbf4ac541b36921d29e8b4dcbd04df5ac62c6f2a44da8db322317,HacKed
c6075cdf0c835b3bb3e363894b3812b70b48516f5c0b083554827f04cc6cc9b8,HacKed
725933eb961e119e1a2d9ba8da928be65d7e4553d037f745465eaaead54977d2,HacKed
1dffb5af3c6718f3435ed6ba62e559b905c130c49ba2d2b54e27e1fd8c4730f8,HacKed
e222c6a6075e5a90dc73030e078015d7f286e239ea64aaf09a6c3d7d92bd0d4c,HacKed
a55014b8f73799a749bc1f38c17f9165463b63e603636e60ecc7365c416882d5,HacKed
a422e2aaa598e34bd1969b60850785fda811c121f670addc5d1384936aa452f5,HacKed
8b191797f59eed06a02682638aef669c467eb1b0a205f4e525bd1ec0b1d13ddd,HacKed
0990b834875aa5120b0a4cfa044d555c1e8ae17df6d8234a9c9250738afb06b6,HacKed
f21dbd1419cd3b3d180dc58428097423b1a65fa893b2173601dda48cde169f8e,HacKed
482a76620997037b6109d7cf782ccd75b5b6a754eef86eff9bbf5b604ef34b0f,HacKed
6d1a5c7c1eee6cb9515461ce239241be1f3220b561761906737e88b411414b37,HacKed
3bb66d9a4da195b8d838241495b4855c56f32da315a4347d4d0d7930cf50d58b,HacKed
6bb3c42d9ed6d25bd82fa8568cee962b6e10edddc38bc5273e97e5128872ae39,HacKed
c3009a51b416c6a22a6c044cbf0b7a9a9b863a7632da9a4e01efc08aec2bd37e,HacKed
c5906d5f20071340b031c6b84c2580d98e05fc56375f9002d5c7d247b8955000,HacKed
c1ee3b90f06bb04ccd030178342e046618bb02ea692dd966d00d8631bf15d57b,HacKed
17fc7c0ec5e91b170860f2e59b3074fdab456198a6047b8260e1c846ed5885cd,HacKed
3df271bc8eead20c1c9ca59f5ff5ff69221dbff9945e2f2c5b8430a801513064,HacKed
8f4130671bcfee6919d2ba3e0b4ff4d28a6a1e2cd38338e498552368b08ed06a,HacKed
e71fc2a8fabff0161d82731979c4dd4c2d8c1c698161c2354374c7402eef7fea,HacKed
4016010016d3d39193cb06395ba7909edfe175c56a07d794c99357bb0ab202cd,HacKed
77785ec7fe668ec5a08fdb9ba79f7661523abfb6f4cf055e709a2df0efcc0fc9,HacKed
2fd1ce6b90494fb05906aa28696469398dfe9f2d7b07e3ef00b9fd0a9818c43c,HacKed
ed5a60a0e3db1545bdf8e5418a62c4c0a7d8802728e7c2e48590831e727c0bb9,HacKed
a40c9376a75d7829b68af0b53ff2ca6e9be91888b430d9c25f9276a131498c4a,HacKed
32c30fdf6f1c154cbabbda776ba9fbed3a251196b4c0743e52b5bfc238f9569b,HacKed
7f470cedb72ebb46fc952f0d75be621bdfda4bb9614850ee14816bc5193bb8fd,HacKed
69a3c67c646cfc968eb4de63da40087b8a65c23bd348ceb164a641c84936cd8d,HacKed
36c9d85ea8de741e09313f79292b87828df91479c97be835400fa241ba5d2cd7,HacKed
c3b540f3e5d986d4dcb3d68f1f9f77b9581a84a5828315150935b8198f2e300a,HacKed
7c6efdd74fa4752efcd36a96180f45cd4d864ee5999d96fbbe71288d6a47863e,HacKed
6111f427714817c62c75300d3c695cdab67a1ce443e704d6177b24b72eabfb57,HacKed
f1079ecb488ccfcfcfef3d2df69c5fcd75a36d88edd2cc84b4a11999b9a106b0,HacKed
89aec94464cfe94778e236733c0c2b91c9de79490e8ce40a26b212f5f169f079,HacKed
4fec9b985fa1ddf9f601169e56561cacb4ff0a533903f9a1c3ad37a5218e3491,HacKed
495f7a6a1e4b7c9ff68a3c898dac56d38bbfc701c00f19d381425a9ae9fde998,HacKed
6c5070615c0c1512428cde68635aa3936830af6f5d3a87362a86363f243b38e7,HacKed
2cf6e54c68d72d0926a5ea3bfb3ac4756fa24698aed454a503da98d35d87e1b0,HacKed
991bc8851ad4dbe736b077d6caf9ad09101e8d261f9db13b454d7011ed826192,HacKed
f6b082ffb59a4fa3adff85ce7351823f15b40f8bcef8957c6b8c8697b8ac84d2,HacKed
4d423a6a469d9797efd4a41c03389b97c3ffc141acffa1fad1bb891ef82e2ed4,HacKed
17679da43c62295a77751e9420ca3c23f6289389d785c29ee66652a8e0586ad0,HacKed
d9d2d40ce79d6c0986049a4b2a6a90259de49c49b7522c31750632edb6959f4d,HacKed
07bda70d69ca2c1699ce39b5b73013f6ce09d8be9b47d3932361c757b43f04ae,HacKed
1c5307cb2272178cffea7c929c70e7e1b4674e5a9be18f0d618f4359a962bfd7,HacKed
14540d01812526cbe9172c84123334c980f3e5881ac795bd90520884a49b05e4,HacKed
c9b13691241726b2b2b91dbe2fbc498282696fd2aa9a9d8ec537f1c90b07c827,HacKed
1ca75e9b1761e15968d01a6e4f0a9f6ce47ba7ee4047d1533fb838f0f6ab28e2,HacKed
85afa88c7fd1d58b38b04141919dceb2d3c01c68b18f06bf87f0db4d4c069727,HacKed
ebf5b7798713eef8e2fb453b94dfab6b3535e283d54bc003c11710300dd8ddb3,HacKed
b339212016c18bdc422f1a97ca3d4708375bc71fa56329d9fb839e79138900c8,HacKed
f6626950bd843090ad81e6b05772e0cccad8b6c7c7e75141b1d7aab78becb843,HacKed
cda0f7f9838cd118aa4e2229786a92f31ac5460d9496b29df569e6bc54584e63,HacKed
4227396506516004a246c261ca49a472baf224f74d08d409857c28d7d07fc073,HacKed
ea790fb0288a8daa6b3b6d633102a6e4420f0382151f6625823d5dd812a51f6d,HacKed
91bb61f0e9513d64cfa52161d316c5fb8a158f8df38e5fdd02950a9f994a359e,HacKed
4ca6a924c78ed73136d9403e764a40f6e38f1e46e391621bac99b7adf8e6e77c,HacKed
a0574eee9dc6e7d8fddde50b6ec26ed9668d21e1269d5a69470d0e92c6390d03,HacKed
1e461be009e2fbcc5a750e2ae3e957639cc5f420c2b627c1688171c3cfb8974d,HacKed
3d23755e40dc76688c489420737b6a7bec1d0db077dd8fc1ddfa551ee7561028,HacKed
4907309437e12932d437f8c3ae03fbfde7d4e196b6f1dc7f2d98e3a388ce585c,Harry
0a9babd846b1edf99e75f3c9de492c6341f9ca9a8e91851ad323bf8f325f9799,Harry
f30d236706be7b369aab6f88b4c3965ec995736de972f5d23b74942dc206d9f7,HF
e999fdd6a0f5f8d1ca08cf2aef47f5ddc0ee75879c6f2c1ee23bc31fb0f26c70,Host
ae1d75a5f87421953372e79c081e4b0a929f65841ed5ea0d380b6289e4a6b565,Host
c9b13691241726b2b2b91dbe2fbc498282696fd2aa9a9d8ec537f1c90b07c827,Host
1ca75e9b1761e15968d01a6e4f0a9f6ce47ba7ee4047d1533fb838f0f6ab28e2,Host
85afa88c7fd1d58b38b04141919dceb2d3c01c68b18f06bf87f0db4d4c069727,Host
ebf5b7798713eef8e2fb453b94dfab6b3535e283d54bc003c11710300dd8ddb3,Host
b339212016c18bdc422f1a97ca3d4708375bc71fa56329d9fb839e79138900c8,Host
f6626950bd843090ad81e6b05772e0cccad8b6c7c7e75141b1d7aab78becb843,Host
cda0f7f9838cd118aa4e2229786a92f31ac5460d9496b29df569e6bc54584e63,Host
4227396506516004a246c261ca49a472baf224f74d08d409857c28d7d07fc073,Host
ea790fb0288a8daa6b3b6d633102a6e4420f0382151f6625823d5dd812a51f6d,Host
91bb61f0e9513d64cfa52161d316c5fb8a158f8df38e5fdd02950a9f994a359e,Host
4ca6a924c78ed73136d9403e764a40f6e38f1e46e391621bac99b7adf8e6e77c,Host
a0574eee9dc6e7d8fddde50b6ec26ed9668d21e1269d5a69470d0e92c6390d03,Host
1e461be009e2fbcc5a750e2ae3e957639cc5f420c2b627c1688171c3cfb8974d,Host
3d23755e40dc76688c489420737b6a7bec1d0db077dd8fc1ddfa551ee7561028,Host
1eef9ef568703ba6558923ec88cf960ed86086d87488a188709d32827877f528,HOTEIS NOVOS
251e3e25584d1a654a395accbcfdb506ec8b9d7039cb3ab725e14415d3c71aad,HOTEIS NOVOS
10d4bd37cd29071186b4ef31341edb79a9ae05c6bc8d26c9850cfeccabb90d1f,HOTEIS NOVOS
f5e170571689b393139b9cea484a9683305129ecbf2ab4ebb93fc997ee1d31aa,HOTEIS NOVOS
eacad199f02e26ccdc7a866c18e585f7ee7e2a80ef0325208ddb22b1d059be2f,HOTEIS NOVOS
c87fb09929159c2dab63d609d7bde992ce979f3545fbe20ddca0a3f263d9603f,HOTEIS NOVOS
c57ff49bfe21e345c2bde30bc8feb60626f3c7839b1c2e5a1f01b9a567f911d8,HOTEIS NOVOS
c365b15cb567da7e9c04dffa0de1cb2b8104d5fe668c17691d8c68380bcd6d30,HOTEIS NOVOS
d2a16840541f905f7bcecf64e2d7dc827f314c4b97daf6e4cc4262fd91fdd14c,HOTEIS NOVOS
9c8fa4205b2ed8a6f60156bdc39d33a23c6e503cf2f8e69d66bf2980e78bacef,HOTEIS NOVOS
9b47e150a9259ae7a6df20f070dc9faf9d5a589347f8db8a9f64c64060cb7606,HOTEIS NOVOS
b9b67c885200f90eaf9c4911b3a7f5e6707bcb51d1b892df1bde11013a60f6b5,HOTEIS NOVOS
aaabc63bd58fa4b8e2cb79630ea5e24c55f29327cae8ca36aae3219b95100669,HOTEIS NOVOS
a5c3c96b655d3115a39875e0303951fef2f2d6119b0af9eaadf57bacfae3f5cb,HOTEIS NOVOS
6fe3548e0dc7fb605ee69791b752df0d9f3d8f5db49b2811011ac2a092ab0a28,HOTEIS NOVOS
6def95b2858c043e261b8f4d440abc1436a9dc551906d86a37c5f3331af8cbfc,HOTEIS NOVOS
947ddcefbb1170a6fbd1ba341c773444c1833bedecdb4d6684e05b8555765117,HOTEIS NOVOS
8e6c25f517a69c5da329f858b291b4d146c3fd0dd07c17a1d8a6851cddb347eb,HOTEIS NOVOS
89d302cfe11c5fdca420d12cc36d58b449f24ee761b822cb8a22497af7e873ba,HOTEIS NOVOS
89903b38efc7a86da63d547d3d4e3439d64656a030cb289eff4721bc5ada3e13,HOTEIS NOVOS
83d9c57cfc40457b072bdc0e062dd5ca4958a91d8cf3387dbedd99af753da640,HOTEIS NOVOS
7acd5696306ae7ed8de112f096917487df2d01c2aa66b4b9d2a37ea36b597b1a,HOTEIS NOVOS
77a1430cfd728daa7a61e10f3cdc3409104cae1aed65711c8f5ce425c6920cb7,HOTEIS NOVOS
464f30101630f06013ea65e72b0c043fa1fc83440d9c3367e474d6309d3fe4c9,HOTEIS NOVOS
6101f3210638a6068a9d40077f958e8d8a99ffed686a48426784f368e0ac021b,HOTEIS NOVOS
61600526307ec08137967b49b230c03ce8a4e1d2f0d58ea2e5d8b2ab3bf92df7,HOTEIS NOVOS
5e226f1c0729d1fbcf6e074e28009d35e2f6eaa4d4eb0c411892ea56e1299c86,HOTEIS NOVOS
10d4bd37cd29071186b4ef31341edb79a9ae05c6bc8d26c9850cfeccabb90d1f,HOTEISNOVOS
1eef9ef568703ba6558923ec88cf960ed86086d87488a188709d32827877f528,HOTEISNOVOS
251e3e25584d1a654a395accbcfdb506ec8b9d7039cb3ab725e14415d3c71aad,HOTEISNOVOS
464f30101630f06013ea65e72b0c043fa1fc83440d9c3367e474d6309d3fe4c9,HOTEISNOVOS
5e226f1c0729d1fbcf6e074e28009d35e2f6eaa4d4eb0c411892ea56e1299c86,HOTEISNOVOS
6101f3210638a6068a9d40077f958e8d8a99ffed686a48426784f368e0ac021b,HOTEISNOVOS
61600526307ec08137967b49b230c03ce8a4e1d2f0d58ea2e5d8b2ab3bf92df7,HOTEISNOVOS
6def95b2858c043e261b8f4d440abc1436a9dc551906d86a37c5f3331af8cbfc,HOTEISNOVOS
6fe3548e0dc7fb605ee69791b752df0d9f3d8f5db49b2811011ac2a092ab0a28,HOTEISNOVOS
77a1430cfd728daa7a61e10f3cdc3409104cae1aed65711c8f5ce425c6920cb7,HOTEISNOVOS
7acd5696306ae7ed8de112f096917487df2d01c2aa66b4b9d2a37ea36b597b1a,HOTEISNOVOS
83d9c57cfc40457b072bdc0e062dd5ca4958a91d8cf3387dbedd99af753da640,HOTEISNOVOS
89903b38efc7a86da63d547d3d4e3439d64656a030cb289eff4721bc5ada3e13,HOTEISNOVOS
89d302cfe11c5fdca420d12cc36d58b449f24ee761b822cb8a22497af7e873ba,HOTEISNOVOS
8e6c25f517a69c5da329f858b291b4d146c3fd0dd07c17a1d8a6851cddb347eb,HOTEISNOVOS
947ddcefbb1170a6fbd1ba341c773444c1833bedecdb4d6684e05b8555765117,HOTEISNOVOS
9b47e150a9259ae7a6df20f070dc9faf9d5a589347f8db8a9f64c64060cb7606,HOTEISNOVOS
9c8fa4205b2ed8a6f60156bdc39d33a23c6e503cf2f8e69d66bf2980e78bacef,HOTEISNOVOS
a5c3c96b655d3115a39875e0303951fef2f2d6119b0af9eaadf57bacfae3f5cb,HOTEISNOVOS
aaabc63bd58fa4b8e2cb79630ea5e24c55f29327cae8ca36aae3219b95100669,HOTEISNOVOS
b9b67c885200f90eaf9c4911b3a7f5e6707bcb51d1b892df1bde11013a60f6b5,HOTEISNOVOS
c365b15cb567da7e9c04dffa0de1cb2b8104d5fe668c17691d8c68380bcd6d30,HOTEISNOVOS
c57ff49bfe21e345c2bde30bc8feb60626f3c7839b1c2e5a1f01b9a567f911d8,HOTEISNOVOS
c87fb09929159c2dab63d609d7bde992ce979f3545fbe20ddca0a3f263d9603f,HOTEISNOVOS
d2a16840541f905f7bcecf64e2d7dc827f314c4b97daf6e4cc4262fd91fdd14c,HOTEISNOVOS
eacad199f02e26ccdc7a866c18e585f7ee7e2a80ef0325208ddb22b1d059be2f,HOTEISNOVOS
f5e170571689b393139b9cea484a9683305129ecbf2ab4ebb93fc997ee1d31aa,HOTEISNOVOS
b75b227458b2cd9c68321fe42f9d1a50898b7805150240e51a6b247f7222b19b,IrTeh
569c9e1e21747ee59f5c581e2a94d884786a037eb20ac99e6dc9482162956999,Jare
aa875ef58f73be32d5d366681306f12301db6933dd9efcaf4d689141874a1c26,junio2
c79ab21cf7fc23b9a096c4d9aa5b7cd02d968b8dfc58b137c2df44b1e55307b6,kavach
7bf2d1167b4cd57a72aa1c34b2c3f978ed42569ff0494411af164b1ead715466,kavach
a99e378c147c1c352dea48ab8fcef6f1a80ecfc557a9a05871050f955653665d,king
e57653ec973719780bdd85c6fa09d25d61848c421c3819de02f3ea24a1235456,ley
6a0d1ea10ad7821a2b07ab5b1aa71365a1d3af06788154025eb30314823b9670,ley
404da44dac7c0c62ae76b38bbbd477efc7fb7ce3ae4329e01f31a1b5f7f8c2f1,LIBERTADOR
503d3ea67c72d361078289f05f94b6a453d71b2d2701a1c0ff7509d9c6c6bfcd,LIBYA
99b70d49377117000eaf367c037ed68c4898b0d8769f7bff88a438a9d82db214,LimeBuilder
b904e2823144ca9ab3161c3e508a88dc35922340e4ff2858e06b40e638bfd359,LimeBuilder
cf433da0d2dbbbb026ab3feb9b6b7d44fd681ae33e56da6d41df7e3f6f2c4c46,LORD
f2efed3085222702283f7d44a8b2ce38612575a40ae54a17aaadf22054217b33,Marzo
b1b715a8df300d1e58e89f55e1034ff286ff0f8d469d040bebc0ec6d4c159f35,MAYO
d8c6afd74588a7eacf04b93f6bc51332b46a524b0f4e5fcff400894deb381d20,MuAwaY
da3d49eed9698a39e8a7b31325c6066f13414bf6f259750ed72cee62ec4092a0,MyBot
d938c32b40e200fcf78e486624d8cec27500a24255cc6659151b23ca896bb67d,MyBot
279c3a865a4b66dcac3fc7950821f5c2f675337b04ead83df294f72699659367,NACIONAL
87f43fd2f6c9d1439ceb250e3bd045a07d9a8c214cf17dc66a8c22a3846b6437,NACIONAL_IN_OMINIBEES
9c220edc6be7db4b3d98f36a17ad289917b5ac86c59797ec5c9bf71f0a368511,neuf
82f1dc6d50a6da84dc4eeb22e533c25e4eeb5f9c649b7f798845dfcc59f3b7f1,New
4fe44a5c589c6d81d6c2b54b648303b3c8beb7569ef95a464572d820bb278c7c,New
97bbee79e9e9eb4bb670eedd6c46cc03a0bc7f8fc50796f5bc3ae8c8cace9fd4,New
41a53b884711b38b5fa0b1324be720b9bcebe48c63c68ab307a699d1b4ed4062,New profile
418042046e8f45e3eeb72cde92ac07d8bbdbfcb1e754e1e79699198edeb2b27d,new_13.05
af1d7c7b1462f5edcd52be32ae047ed87fe2c4bdbcb663b092c48e75daa4151e,New215
5805998f30d7a5a5ef61140d0b61e86fe2fedf195e75124beefb3c831447d8ed,New---User
27989136ce5c5a543a85115f8c360bf12c467ca9f5d24db1b84e7bc22fab1b8c,New---User
f478e50328f905318e7e2f95d9cfc5773de074c371d1403d5c95a4d53637b994,New---User
0cddbc246dd35d0e7707910f12c968b7cebeb102afb61292aff19021d21fb487,NOTIFICACIÓN
029b714502283599a5efb86d41c48fd46751ab727b707bde620e517ec3aa3c39,notset
061dfb6a251e536f700a295239652dafab34aee5e5145320d1d57e3fca5e5d52,notset
06d55f75d7c76d6924c0b8439fa3cda28b89284204a6db982e4baf3a37fb35d2,notset
24401ac43b6dbb7048cb27425b4f0f76a9b20b6b4fffa33ff8091c3c11ef8365,notset
260e2d5769f0a50a7b49d4c43059221eb7acc4b9fc460763e0cfcd793f2a6840,notset
26cd03696045fb93b415b022fa6bc832098394bf362f4b4c4e897e9550d12618,notset
2a0a88a2e5f9cafa10a48d63bdfcdf965b72c25978ab46cf28e795dbedc9624a,notset
2f33217d51117cf3d6c6ed3ab50724964367fc7a85e1bb1dc87d241b8d953894,notset
336cdd146beca939c6d1e3e3c00cc10ec2d6e859a18d350bff937ad5194c27da,notset
417c1828d98ba4f05f7a2edb71a9105f0aebf3d554393970b96e59d4db7b4473,notset
4d3095c7965c7bdd32b81b72c95f767134915cf08ebe1237721ed5208de4beee,notset
54e526fe059a3f25cdaed954e32f44eadffb3e51548658409468dcf2d63b634c,notset
6402b33d729c8bb44881747a8f397f4aec408bf5e18b9af6fd86cdfa3f96323b,notset
64c044cb3ec26babdd17107b2aa6ded60b22473c4e2943e1fcc03df8bc2e0edb,notset
671f477c3039786c5f3553760377be03b91bfb66f31ba9370ed2193192cf5b4e,notset
67785724b67ecd79b7cd4c64a249794b9abda8b680fe52a0ce85bb83ddfb6cce,notset
6c6934613abde41f82043bb7c269a1e614920a83a2b90eaf325ca7b998183efb,notset
6f63742c25fd3a2dae5995f182254c253003066488ef86e754f661e8ba1d76fd,notset
813a9b03c6c1caec4eca8a867dcfbda7860bca6a5d481acb4c131c1a868d4b48,notset
839ac59a78a0f2c446edb3cccbaf0bc5781605a1f848878f9e96cd5e0e425fe3,notset
85d0b72fe822fd6c22827b4da1917d2c1f2d9faa838e003e78e533384ea80939,notset
a34cb4049eb43d455d8619607cc6e1a8c380e9d8507306e9c5bc17eaed6459c4,notset
a55c19c552f579041ad7289aceeb400da215fe29aedbf0c14e8a66be1bee8360,notset
a98e988f03fd5be37c66878017a3dcd741adf75bf1df1ed6dde2c15ee213bb48,notset
acc31f97c3124a317f2939944777e103311f4b0c51788d2e562c24a08e2afe27,notset
b194eec1e599feeadfd463b06727e8b3c73a72a4c20017e5cfaf89fbf6d365c7,notset
bac73f9ccebf93009a6037145a9c71a2e8b916956f6a7e6a4f4b53b4b50b7a00,notset
c5d2f0da18fb33a25b53fd8b9b98f0bfa95458e3c0feb687852f469167a0110c,notset
d559ee0a26fa500cd57fac25d58ba4319a794f329c8711e89afac3c281f9dd7e,notset
db5276c0d5ecd3b338a98983001a5b8cbbf5b488bf420d8cc0267801b963f479,notset
e5efde974017a12a573548f12b5473887601c897e8660eb57803c18523f72815,notset
fe028e6f99a02a016643a2db14534fa977a78f45b36ff9db5b60e7e709f5541c,notset
647dc0a8981f507602d2b8963420892e253742c5f93536e5a857ac585a9544a6,novos
73f113a6146224c4a1f92f89055922a28322787c108e30000a0a420fa46ed9e2,NyanCatRevenge
03f5ff9b6a6b24f76799cc15fe3f1fbf1ca9d6dda30a4154125ed5dd5834290c,NyanCatRevenge
0b8a12b5a5e6e062e98fb30dc996fef1e93353f091a47f4018c56d39605d0866,NyanCatRevenge
93b0f634bf697c39175a5ad77cc16e4dabf3a10bb0fe81d7a77156d7e5e6ff12,NyanCatRevenge
13efa382b10defb99bd1415a12ab885da5ba6773bd651f2a983239bf10bcd5c4,NyanCatRevenge
d0eacc86ba243aa25112dfdbe4c11b1bc7e90a50921e2dccaefa65e626484a1c,NyanCatRevenge
029b714502283599a5efb86d41c48fd46751ab727b707bde620e517ec3aa3c39,obama101
061dfb6a251e536f700a295239652dafab34aee5e5145320d1d57e3fca5e5d52,obama101
06d55f75d7c76d6924c0b8439fa3cda28b89284204a6db982e4baf3a37fb35d2,obama101
24401ac43b6dbb7048cb27425b4f0f76a9b20b6b4fffa33ff8091c3c11ef8365,obama101
260e2d5769f0a50a7b49d4c43059221eb7acc4b9fc460763e0cfcd793f2a6840,obama101
26cd03696045fb93b415b022fa6bc832098394bf362f4b4c4e897e9550d12618,obama101
2a0a88a2e5f9cafa10a48d63bdfcdf965b72c25978ab46cf28e795dbedc9624a,obama101
2f33217d51117cf3d6c6ed3ab50724964367fc7a85e1bb1dc87d241b8d953894,obama101
336cdd146beca939c6d1e3e3c00cc10ec2d6e859a18d350bff937ad5194c27da,obama101
417c1828d98ba4f05f7a2edb71a9105f0aebf3d554393970b96e59d4db7b4473,obama101
4d3095c7965c7bdd32b81b72c95f767134915cf08ebe1237721ed5208de4beee,obama101
54e526fe059a3f25cdaed954e32f44eadffb3e51548658409468dcf2d63b634c,obama101
6402b33d729c8bb44881747a8f397f4aec408bf5e18b9af6fd86cdfa3f96323b,obama101
64c044cb3ec26babdd17107b2aa6ded60b22473c4e2943e1fcc03df8bc2e0edb,obama101
671f477c3039786c5f3553760377be03b91bfb66f31ba9370ed2193192cf5b4e,obama101
67785724b67ecd79b7cd4c64a249794b9abda8b680fe52a0ce85bb83ddfb6cce,obama101
6c6934613abde41f82043bb7c269a1e614920a83a2b90eaf325ca7b998183efb,obama101
6f63742c25fd3a2dae5995f182254c253003066488ef86e754f661e8ba1d76fd,obama101
813a9b03c6c1caec4eca8a867dcfbda7860bca6a5d481acb4c131c1a868d4b48,obama101
839ac59a78a0f2c446edb3cccbaf0bc5781605a1f848878f9e96cd5e0e425fe3,obama101
85d0b72fe822fd6c22827b4da1917d2c1f2d9faa838e003e78e533384ea80939,obama101
a34cb4049eb43d455d8619607cc6e1a8c380e9d8507306e9c5bc17eaed6459c4,obama101
a55c19c552f579041ad7289aceeb400da215fe29aedbf0c14e8a66be1bee8360,obama101
a98e988f03fd5be37c66878017a3dcd741adf75bf1df1ed6dde2c15ee213bb48,obama101
acc31f97c3124a317f2939944777e103311f4b0c51788d2e562c24a08e2afe27,obama101
b194eec1e599feeadfd463b06727e8b3c73a72a4c20017e5cfaf89fbf6d365c7,obama101
bac73f9ccebf93009a6037145a9c71a2e8b916956f6a7e6a4f4b53b4b50b7a00,obama101
c5d2f0da18fb33a25b53fd8b9b98f0bfa95458e3c0feb687852f469167a0110c,obama101
d559ee0a26fa500cd57fac25d58ba4319a794f329c8711e89afac3c281f9dd7e,obama101
db5276c0d5ecd3b338a98983001a5b8cbbf5b488bf420d8cc0267801b963f479,obama101
e5efde974017a12a573548f12b5473887601c897e8660eb57803c18523f72815,obama101
fe028e6f99a02a016643a2db14534fa977a78f45b36ff9db5b60e7e709f5541c,obama101
029b714502283599a5efb86d41c48fd46751ab727b707bde620e517ec3aa3c39,obama102
061dfb6a251e536f700a295239652dafab34aee5e5145320d1d57e3fca5e5d52,obama102
06d55f75d7c76d6924c0b8439fa3cda28b89284204a6db982e4baf3a37fb35d2,obama102
24401ac43b6dbb7048cb27425b4f0f76a9b20b6b4fffa33ff8091c3c11ef8365,obama102
260e2d5769f0a50a7b49d4c43059221eb7acc4b9fc460763e0cfcd793f2a6840,obama102
26cd03696045fb93b415b022fa6bc832098394bf362f4b4c4e897e9550d12618,obama102
2a0a88a2e5f9cafa10a48d63bdfcdf965b72c25978ab46cf28e795dbedc9624a,obama102
2f33217d51117cf3d6c6ed3ab50724964367fc7a85e1bb1dc87d241b8d953894,obama102
336cdd146beca939c6d1e3e3c00cc10ec2d6e859a18d350bff937ad5194c27da,obama102
417c1828d98ba4f05f7a2edb71a9105f0aebf3d554393970b96e59d4db7b4473,obama102
4d3095c7965c7bdd32b81b72c95f767134915cf08ebe1237721ed5208de4beee,obama102
54e526fe059a3f25cdaed954e32f44eadffb3e51548658409468dcf2d63b634c,obama102
6402b33d729c8bb44881747a8f397f4aec408bf5e18b9af6fd86cdfa3f96323b,obama102
64c044cb3ec26babdd17107b2aa6ded60b22473c4e2943e1fcc03df8bc2e0edb,obama102
671f477c3039786c5f3553760377be03b91bfb66f31ba9370ed2193192cf5b4e,obama102
67785724b67ecd79b7cd4c64a249794b9abda8b680fe52a0ce85bb83ddfb6cce,obama102
6c6934613abde41f82043bb7c269a1e614920a83a2b90eaf325ca7b998183efb,obama102
6f63742c25fd3a2dae5995f182254c253003066488ef86e754f661e8ba1d76fd,obama102
813a9b03c6c1caec4eca8a867dcfbda7860bca6a5d481acb4c131c1a868d4b48,obama102
839ac59a78a0f2c446edb3cccbaf0bc5781605a1f848878f9e96cd5e0e425fe3,obama102
85d0b72fe822fd6c22827b4da1917d2c1f2d9faa838e003e78e533384ea80939,obama102
a34cb4049eb43d455d8619607cc6e1a8c380e9d8507306e9c5bc17eaed6459c4,obama102
a55c19c552f579041ad7289aceeb400da215fe29aedbf0c14e8a66be1bee8360,obama102
a98e988f03fd5be37c66878017a3dcd741adf75bf1df1ed6dde2c15ee213bb48,obama102
acc31f97c3124a317f2939944777e103311f4b0c51788d2e562c24a08e2afe27,obama102
b194eec1e599feeadfd463b06727e8b3c73a72a4c20017e5cfaf89fbf6d365c7,obama102
bac73f9ccebf93009a6037145a9c71a2e8b916956f6a7e6a4f4b53b4b50b7a00,obama102
c5d2f0da18fb33a25b53fd8b9b98f0bfa95458e3c0feb687852f469167a0110c,obama102
d559ee0a26fa500cd57fac25d58ba4319a794f329c8711e89afac3c281f9dd7e,obama102
db5276c0d5ecd3b338a98983001a5b8cbbf5b488bf420d8cc0267801b963f479,obama102
e5efde974017a12a573548f12b5473887601c897e8660eb57803c18523f72815,obama102
fe028e6f99a02a016643a2db14534fa977a78f45b36ff9db5b60e7e709f5541c,obama102
a23c182349f17398076360b2cb72e81e5e23589351d3a6af59a27e1d552e1ec0,Office04
f65d048df081eb235c6b9b39af82d7c1a68931eda1af0214a1a941ee2aa3ba2e,Office04
4ad69083be6c8550af2cb9e9ac749d7c3439d71b542891238a6c749f393a00d5,ogooluwa
1585d4432949acd29d160c0d0748c4e695d837c40e4bd5ed9a229c4437f96160,PDF
b4e3216803e2ec15ff0df82bf47656df179a4efa977eb187607bab0c38909a00,PDF
41dcaf4c90164544df7f6355059f9d31534a72ddcd310729332ef1af1e304a29,PDF
dbfadddbe24ee459e7aac3c6937748b3d60e0f9547b77bdc1a582f2c7aba8838,Pilonera
c314563b958ae042f6c4499ea809908246c9e473afd180b5ea8c1dfd395e887a,POWER RANGERS
8a700793012385a706ef277f043bb5bf8a5ef877e3ba1fac3b5601df7fb36a30,PPAMupdate
0a02ba004ed4cc71a4c9899eae410a4056f31450c19f3ebaf64027d009c7ac9e,PREUBAUNO
60396eed12aec83242a5bfc22a6931e53c63c3b98c017b7a39017b1e9631a438,Raid
b70e1f1746ad00181c386efcdfd36a817e328b47d513d0960a9f3ecd515d10d1,rdg
569c9e1e21747ee59f5c581e2a94d884786a037eb20ac99e6dc9482162956999,remote
83b4002eab6143d543f490923317046ff8dcc29f0487b5563da7c9669c8cd628,remote
825031c818eb3b210cca38968512f3cc7e253a51f5d545f7e965e6bcd8515543,remote
fff42f45f813aeee6c78b91cd4fad8eda9b5ac1daaba532057caa2f12cf62b21,remote
341e2dd4c65782a34fa0fa8225d957bef55d2e0330fc388359ace197a24067bf,remote
02f2369b58fbb2ba1df2c799b73842880a4874c32c1514a0d8956133be026ade,RemoteHost
74d9a72ba0dc8578b22564efe7ed53e75b6a1f179cf46aa07964488ccdbe4162,RemoteHost
e769d1ecf91ef14b51509807b816b148a9a087da59714947951f7e06735b5c76,RemoteHost
592f622b645c6251e1ff8c1e8db93b98f3bfe63a3fd264704c280e356eae18af,RemoteHost
7cfc5f48a379a436e420658bd2a5e9a35e37869671abb15441a23d9be3248888,RemoteHost
3c0b4145b0beaf05da8f190e8199b8294f20503421368bddb8770c7b46fe8cb8,RemoteHost
1d7b8253666eb3d60b84a82999d6a9f393fee01876ff6f39dee4bdf304a11bfd,RemoteHost
80bbe2b16f8f6574b897ae406571ef679acbe35c71bffa8571e338afefab0633,run9
e76772ae83e2c79ed4aa80b5b7f4b42c46cea45ed1d15bd004b0dc71bfc41945,ScreeLoogerCDT
7eaea64fdfdc4f35ffe3036ee03f54c4aace204533a9d157faafa4a23221980c,ScreeLoogerCDT
6f9159627eae1325b6d03804536ae72fa6544587747aa597122414c43fef32d1,stax1
fefa0781e88fa215419b2a1294c8b952b192f8360aeab2f97bbd9cea15fc7338,T411
6519d33d51c5654dcdcaaf9aa878e376faa784256d42f5caa70c8380d239db3b,TASAGERA
d75818826396ad035834ffc9bbf5f59ad811c21ab6a0bba17911bf59b131b0ad,TOFUNMI SLEEPING
d75818826396ad035834ffc9bbf5f59ad811c21ab6a0bba17911bf59b131b0ad,TOFUNMISLEEPING
aef41038141ffaa970d9d2688af8065a82d01252823965d9b56cba40bbdd0669,top
029b714502283599a5efb86d41c48fd46751ab727b707bde620e517ec3aa3c39,tr
061dfb6a251e536f700a295239652dafab34aee5e5145320d1d57e3fca5e5d52,tr
06d55f75d7c76d6924c0b8439fa3cda28b89284204a6db982e4baf3a37fb35d2,tr
24401ac43b6dbb7048cb27425b4f0f76a9b20b6b4fffa33ff8091c3c11ef8365,tr
260e2d5769f0a50a7b49d4c43059221eb7acc4b9fc460763e0cfcd793f2a6840,tr
26cd03696045fb93b415b022fa6bc832098394bf362f4b4c4e897e9550d12618,tr
2a0a88a2e5f9cafa10a48d63bdfcdf965b72c25978ab46cf28e795dbedc9624a,tr
2f33217d51117cf3d6c6ed3ab50724964367fc7a85e1bb1dc87d241b8d953894,tr
336cdd146beca939c6d1e3e3c00cc10ec2d6e859a18d350bff937ad5194c27da,tr
417c1828d98ba4f05f7a2edb71a9105f0aebf3d554393970b96e59d4db7b4473,tr
4d3095c7965c7bdd32b81b72c95f767134915cf08ebe1237721ed5208de4beee,tr
54e526fe059a3f25cdaed954e32f44eadffb3e51548658409468dcf2d63b634c,tr
6402b33d729c8bb44881747a8f397f4aec408bf5e18b9af6fd86cdfa3f96323b,tr
64c044cb3ec26babdd17107b2aa6ded60b22473c4e2943e1fcc03df8bc2e0edb,tr
671f477c3039786c5f3553760377be03b91bfb66f31ba9370ed2193192cf5b4e,tr
67785724b67ecd79b7cd4c64a249794b9abda8b680fe52a0ce85bb83ddfb6cce,tr
6c6934613abde41f82043bb7c269a1e614920a83a2b90eaf325ca7b998183efb,tr
6f63742c25fd3a2dae5995f182254c253003066488ef86e754f661e8ba1d76fd,tr
813a9b03c6c1caec4eca8a867dcfbda7860bca6a5d481acb4c131c1a868d4b48,tr
839ac59a78a0f2c446edb3cccbaf0bc5781605a1f848878f9e96cd5e0e425fe3,tr
85d0b72fe822fd6c22827b4da1917d2c1f2d9faa838e003e78e533384ea80939,tr
a34cb4049eb43d455d8619607cc6e1a8c380e9d8507306e9c5bc17eaed6459c4,tr
a55c19c552f579041ad7289aceeb400da215fe29aedbf0c14e8a66be1bee8360,tr
a98e988f03fd5be37c66878017a3dcd741adf75bf1df1ed6dde2c15ee213bb48,tr
acc31f97c3124a317f2939944777e103311f4b0c51788d2e562c24a08e2afe27,tr
b194eec1e599feeadfd463b06727e8b3c73a72a4c20017e5cfaf89fbf6d365c7,tr
bac73f9ccebf93009a6037145a9c71a2e8b916956f6a7e6a4f4b53b4b50b7a00,tr
c5d2f0da18fb33a25b53fd8b9b98f0bfa95458e3c0feb687852f469167a0110c,tr
d559ee0a26fa500cd57fac25d58ba4319a794f329c8711e89afac3c281f9dd7e,tr
db5276c0d5ecd3b338a98983001a5b8cbbf5b488bf420d8cc0267801b963f479,tr
e5efde974017a12a573548f12b5473887601c897e8660eb57803c18523f72815,tr
fe028e6f99a02a016643a2db14534fa977a78f45b36ff9db5b60e7e709f5541c,tr
14f6ded4fa543c0d91b7f382946c1b2b5eb983a5a307cb5278fafd61a0eef668,TREINTA
c9e00e68342e0121a22ccaca3383494da737f5ffad22b0e3ae0b28eb0260c751,TREINTAYCUATRO
43f4703e48a9a0ded77859f7a854483882cd740f923fff7d5b60abe903fb966a,TREINTAYDOS
e25d8b0efeaaf2771d2a25b413b97e6c9c78ad66d48c33b03ed367901970f65d,TREINTAYNUEVE
dcdc99a71af2d3db2cb3004dd3e91a4908d71a876179b447ed116742cff8ba3b,TREINTAYOCHO
c557af22044eaf1eafbe570f708695970ad43efeaca212f6a18c3c62e29c3a0d,TREINTAYSIETE
5e6b5f6bc9fda80329b671da50e8c127f299556048f3732d8ccdec585072b9eb,TREINTAYUNO
6007c25620b1526827fb41b826a27c6081083bda6fd951254d83c56b8e7d130c,trg44
46fe184bd27b380d898e9a617cad2423681e2817d150b916e850e53fdb820784,trg448
2ac4344963c069649ec1566514186c00624e4ca168c94ef0cd46106bc4cc761a,trg448
96d15395ea0431de1289ee49cf48d5cc87a434357676315cf3095f93eeda777d,trg448
20551cbd050c0161c37caf30d6e514013952080e74e0101c15346c81cf8d7f2a,trg4488
ac73a81e718024573c81ca9823e97ac99be24d1c7441d38aa096a5bdcd0dfffc,trg449
753851e7fa1e0080333f93109d7dd4e18a32ca75047fb5a37de2fe8c6d671f51,trg449
6d66a4472344e30d7e7c3a5aaeed4bd4748f5fda953f0762185ee112f270d9c2,trg4a
e01d510b8fda4031e49804f8ea90201db08580a43f972762e0da826e5e34fca2,trg8887
03944d9cd1ad0759158e31fe8ffa3a575dde491ad7472acda15d3d18f8b59954,trg8887
ce6acf274744f0f200528105f3beead449d07197eb1e66b43a2616168e0b4d8d,trg88889
bbe02e749c9d0d47527a268418fd354f4bf7351657e25cdc5e7dd79ee5a32b41,trg88889
85d192ed101e15ae219e649f1fe182c1682a6abe7f452880bec30bc77a167922,trg8889
c5e66af397e8837535d7967b137e7486dd2184343f17523b6f78f8e10021af26,trg8889
74851f7bc1fc7c89b7a0ebde6ccd00a40d025dc74eab44a9280ee92c5a0bb6ca,trg8989
38789619c9e5b7b1b19dc1a0bb98daa3314ed0862b753763b68b3e6371dc0828,trg911
989109101e065aaa1e86b67a3f4629229047ce2c5bf39da53f775e54ee888534,trgeu1
54edbad457c34d6295cb399d0ec1d496ae96a98040d51b5a736135c1bf1b2dbe,trgeu1
8311beb3ac4d23b7c114fffbacbf366b50102f49ccc4784b525e3738e4868f72,trgt5688
62bb4cb02f895868d4d15cfda542bfe14d790470e6f4faaed0761536d9e1ec97,trgt5688
71d6c8a2a0201af5013f6624738ca844095d6f50d7a31f105e60726d54589918,trgt5688
6a838e9abefefcc95ebdf3634ef5175d8fe42785abd0579c9371ded43bc460c2,trgt5688
b9b992d27c996693b7d315b58a51a562e9c9286728fa162d0204fad15cc68a28,trgt5688
97fca9ba34eecc0fa1407711e61504ac91eac722733234b093f280e2227238c4,trgt5688
2d7815df9e8a12e51a611450fdf16b53044ef0ada6e4a028663def9f14f21ce0,trgt5688
686831b801833681a66bf8d26369358725d6eeb3d6a59dfba359d0cffc0a6879,trgt5688
a22d41a871760c300f9584ff515b872ea15ba961d1b993db8f60a4e59232f738,trgt5688
12e8006a018c424bcb76b7c97d880314c08f79d8951a545d92d73034f5778ec7,trgt5688
4e42cd765cf0ab37b5a1141d446607a672473d409a7da92a34a3add36ce1a8c7,trgt5688
194f14146ed498074cb229f3941740463913e79bc4a08a765f2ffd490dfbbdd0,trgt5688
2d2075ba557f1bb0474c706678890383c93fd5a8f621cd4b328a545b088ab4d0,trgt5688
d93533364658bec1f5e8b9f945653e0136ee86abf812d1981f547405be7c4128,trgt5688
4b8f17d0b516f536d4bafce957990b494f1651b130827c2d066e2c4e592f44ec,trgt5688
a75d65360e93d601f64e323f50a3c249484e240e4027c2e74806e41ee24b5b35,trgt5688
d074fb6c3138857f6d380c9cd2907b7b64a83f5c3eb22b868598fbb6b70f85a5,trgt5688
a5dbee433d7d11dfff76b54e00c1879f969787f9b760908add1f89946381165e,trgt5688
48d30cefb261ea22a099e934c000a306e68cdcc297a75785fb2c1b0a5f9c6e67,trgt5688
81cb4e71e4327b1969f30625661c6e027c8e33cfc04be4acd20cbe3a913c236b,trgt5688
9373dd5aeea4258abed94cae3f4cf771b59714f6b7f31efb16394108cf3a9e2d,trgt5688
fd37186418342958d36801019bda7c7ec4905c2bb5309dd2524ed78a0bf7a7eb,trgt5688
5efb96495538937fe47d41b0d7e98db37de61e6f593d349238286df075c1397c,trgt5688
6d64abd7986e0caefe99c4c11f23ee79dc583b5ae8667b44b224cbc2ed5587db,trgt5688
8d6e5a67290d22e5bb7e2beed6d83c67bb40455c3a2e27e802997aaa7f98760a,trgt5688
4c03c1391ae7c6314245f62a32b9226df79074be61ad6f7a000f32707925f0f9,trgt5688
340f159004fa42c10cddcb63e55bae65c013848e6227c8553c8a634704e03986,trgt5688
fe8f3592c9cefb2b8950ad6fa2461d2547b88c1a898ac4a7f54031fecfb82b8f,trgt5688
df7d07f1644291bf287f54a80a940e5f86dd13d5ba55a91fe61e6279f9b34228,trgt5688
5c49e59a65499989081ae896fd9748ef572315a3c064e63e246a670d1d292fe0,trgt5688
e457f74c8de509042e435cc5e50d62ab71e33624f3abd44772bb7575ec92184d,trgt5688
2949a703a0dcf010e11942816031d774a59ec2b5320d6214c7e52a6390b82620,trgt5688
98dd50a96301fae6c07eafed51df1d5d1bd444a7920a076cc2a72bb483ae9542,trgt5688
37b4cd0319c0c0be2856b675696d3b0a5ad14f41fc6ad71bcc51f87bc02aa1cd,trgt5688
23ef1d0be7851eaae9a21e655e03a7b3cfb47e702fee0c492b159474c3168747,trgt5688
823e680c8c8b03a264a6cd347b84ee72913622f0bc675b18a0b3dbe0cb11422a,trgt5688
79afe5679da9d8a1cf5d57e6813a96254d88e86d2e1c0a5466aace6b5ffb92a2,trgt5688
d98d4c2dc4f7f2401674c69c8f330fbf91ba0e3ced7cff66d2b00a0b75ade92a,trgt5688
f248bb153e0c23bb39d85599e94f8f47bf41661edb584f52c741d2922e01de05,trgt5688
c98366526022af2d7c17edf78d0bc5856aabebdf712f314574c6c9bc65454cd5,trgt5688
b9cf5c6061a534696a297c0bebe47274d3ae805e72acef0456d3d98bb38fc7bd,trgt5688
c2c6c18c0424f93894644d3ae97fca261b95ca93258ceb4af08186f1eacef617,trgt5688
7acd91a84c5bea43ad99688a67760fd0826bc7d67b0de373292f06ecbe2d9297,trgt5688
fde260c3be254e0f85f3b5ec6f62c021318b19e06750269cece6b93bb9b8cc88,trgt5688
17c8b14b038e54bb65af1a9d464d4f7dfc4318f09c9a8c05c96b0de8ce561c6b,trgt5688
4a66279719169895ee353164bebd0d14aea7bd6588fe0d4cea242465b260a519,trgt5688
6c59d5e1cbc381e8fabd6886b9202ccb8cb47fde6d197ef656ca9038d720562b,trgt5688
35030bca598f6d38bf753df2c51fa0b43a0189f44438728efd0b17027cb7d6f6,trgt5688
16ac41eb6d5f3d25a0f3d0bba0ccf893b02f2c2b7a6f7dbdb2156a2e0392438a,trgt5688
59825758b04b55beb99716189bc4557b19a5dc366cbf34cb657ee632095e7774,trgt5688
37d1d5c9e82dfc4401865662af2bc8cab81efe6f75fb9c7c2118a6d6effa4687,trgt5688
bd49f6d5e49f5dd45a38128ef576a86f1c447842d7a428ae08c7e33e321ed7aa,trgt5688
25f4784c17902decbb038304f3d547e6f39af7f3eabe5408e89ac8b096569f27,trgt889
ef4738378cb83741acae0aea278d1560d117e4416b672b2ad5e2f50c4a878dde,trgt889
13d0a83f88baf5df82809d5ddc119f7075f5dd354b0d53af452f1282875326e6,trgt889
551a6754ec403caadb72d229ec0203f5bb4508b1b28029833e48a3913525d9de,trgt889
1fea7370ceaac6323d388cb4269720e943f15c12baef565490f95f9e3794614e,trgt889
852354e2ebd9c57e10adefe64d13f81a106381b849e55575b340cd79d3369830,trgt98888
3e80a75d18a80f11b37c670b3eda9a4bb8dcc105563f29f6f658d543c5fe3948,trgt98888
229d33d05887ac47da1ebffc1ccab24d6e144354aaccb2f581122f765e49a12c,trgt98888
c28522e02d279c2fdb47d79b98976d2cf63347121dbbb467e12ce0eafb4369b9,trgt98888
1a932426f2605138840adbf25336bf1cb17bd6cc301692f7b0fba27633805321,trgt98888
f8940af800cf409efa1603aba3941ac5648ef7218c80b6aa708159ba2be124fe,trgt98888
7560718d9a009c139ca44a4fd04564fbc9541d74d345104da12bf7a1c7833b3b,trgt98888
a56b3ed1cec1ece071402cbfde24aca483d687d93fd92b1a53da8f2b02014be8,trgX8
710960677066beba4db33a62e59d069676ffce4a01e63dc968ad7446158f55d6,Tuest16
0afee0e91bf19efe819afbfc750dc29208543610fb9a7dd4471158455777a967,TULUA VALLE
6c45909d6311f8d356ddc704b27bd975cb3336a7b6e172206165bff613f94a2a,Upload C.D.T
498fd1c4cb16f39974555d6e596fcea6c7da73f9f0f30f57fdc8177fc3feaa4e,Upload C.D.T
498fd1c4cb16f39974555d6e596fcea6c7da73f9f0f30f57fdc8177fc3feaa4e,UploadC.D.T
6c45909d6311f8d356ddc704b27bd975cb3336a7b6e172206165bff613f94a2a,UploadC.D.T
c10f703839ec0a82a248883b1b8885747b5fb145d0aeb0bad71e06980425a4fa,vítima
e17bdf72b3c6c53a3ee77e3edc0b9cf7a2eb194210e071f4eb80aa1d6ee3cb2d,vítima
7525af4888f939e7a1df51bb8737a887af0b705d72e89a0b573f35ea57ace888,vítima
ab40d67f4ed686f8f7cf686fc9c8a6f9f8f2b6fd80e0bf8e129875e2e428f24e,vítima
6bdff314d5f70fa8c0feb2335e5a05c178894e32990586e30ac23768f41035ed,vítima
b794d480bcba30de53a25f9f47f678c0055e124a2f9fcdddab64962c4b3b3f78,vítima
56ea4781ccefb7596e77fcb7a57fb703007f2fb9b94fe33a3cc5257ab7996d1c,vítima
db6883b0dd7c5d3a23fb9609b087e8494cb08ca9d478878e07d868bf68e52267,vítima
d057faa147ef2efd438092b41d91b7a8395cb1cdbce705469c085b6dcd5e51d8,VEINTICUATRO
f6f0b9b8b7a2ee0a64f33c5df868a2ae646d9c5ca161b7031994db881ec2b11b,VEINTIOCHO
99d59c6d778270f7f4ae047a74746e4ee0275eefe3dc3a51c4921ac785d81928,VEINTIOCHO
d328fce566cf2ff066a42f8d9eecc3f62c918e91d4f59098f5f83e7ff4bfe75f,VEINTISEIS
0f3ab84f5722d1b9e3fe4d1798a0d7a140fbe473c77bd77744a03e6752851366,VEINTITRES
6a910bee85fe3259125e68ae757aae7aa869046f8513066b0ac536b69c06424d,VEINTIUNO
42e067befc7d3493834802bb28318a65592b7b3aeeb3f34759dea0b2e9b1815f,VicTeM
a7c7122b618b82e09123da0590300feb42b29e082472ee95f828d3028b3b1bc3,Victim
2cc40a5b550e376de3339f3c9cc50d08dab530c633a3d13b3dcc9ad16beae551,Victim
fdf4af9ad999272ebf9fa0c1d3c374615e2c8f2a5a5598f9d3ad1a0f3fd5a627,VISTIMA
977d940de630fff225e4917927d47100b75b56444c4117a22aa34b1450dc2930,Win32
b0593829ea59d267f511f2685aa8ecf31860e123e0928ca8bf3fc1e30b3c4953,Win32
0b3acfcc16ddb5134031f929db7cf11974b716cc85832e196abc61cb2054e4c2,winlogon
57cbec5317cb03e69bb5c9ffc01852c4bd65e7905ce75b42086715cd72c057fd,XeezHaxxor
1d15003732430c004997f0df7cac7749ae10f992bea217a8da84e1c957143b1c,xfc
6ee76407efa8157b7f2b80a3a7ccc41581851aca58ab10cb8caf0243ce6fa436,zalupa180417
7818dd357bd780aae737e94f8f57b5b2cb643ceca8cc044c866d31d953ed3621,zalupa180417
ae8fa9b59fb15269e27cbbff6ad480cb53699eb56ff7bb36bcfd1b952a183e17,ZERO
06ffb7bbd7dd6a47bd3fdb77f86e2bc3b3a9d0112496eed24f75581164da3906,zev1
154080c5844ed76332320fcf3f1773391d80200f18f9025fd05b55b86f8ff795,zev1
1650ced30cfb68451bb432b44f72fa93687d95d83f70fa039658d8cb665508c5,zev1
1a70a7de8a393638b80336e9d2b225c2fd199d9d3eed3ad2c007656cc20c2b4a,zev1
19f2101d500dfa2ba71baf220497fe8888667bb7d9c8cf4996087ff67c11d156,zev1
350fbd43ce6f7d1d3d636aa5b94187d4dcc8e866527cfdc9c9ce226aea3500ed,zev1
44faf11719b3a679e7a6dd5db40033ec4dd6e1b0361c145b81586cb735a64112,zev1
4853dc09bbd4a61610a354d5fcd0f9e376e284124c5ff949ba49457eed1f55f6,zev1
4ba637df90076330cdace697a87aafc6dd1d1b3a35b4ad924aad80aa7c3f4a9e,zev1
4f8c1840d692d8248f3b7cb478acfbb7e65bdeecd64790a163eaa0db5592df06,zev1
623534bf150f2538edb27e51ed56b92f464adb5da8e2db378ec3a666fcb64772,zev1
65df637db227ff1685bdf82ab676de4ed70bffd4c96e6cde70d575217700083b,zev1
717ad3ee2b9ae94aac5bd01bce9bb945d8c620e3a60f241864dede3646f3dd47,zev1
71ba20bdd899fde2a4e2967bc6c719f2c96146cc80c3dd8953431cb82d4df199,zev1
e16b54b0e20b5fa20f57623f6ae72f0afd9f7d1857e880db71e2a4c468f519d2,Zombie
81392d047dfd568341b4adc8191804dfb0567bc92eb0c60d71e2d277e6178a92,zzZpam
1960fc0413732cabf1620cd1244d354238bda3d31210feff72570dc825e3c4ed,ZZZZZZQUARENTINEE
396a6a10230424b97ba5eaa6658f150d4aae22739872f3a40f41a6e68478b07f,zzzzzzzzzzzzZZZZZZZZZZTOQUEDEQUEDA
a21158ed80e44fef2a41f3796204a8ae2ff23705e80e7a0e460b612276226853,zzzzzzzzzzzzZZZZZZZZZZZLIBERTAD
b7fc2c96f3385d388315dfbb4c06bec55adf81dad51fc5116b90270541a198c2,zzzzzzzzzzzzZZZZZZZZZZZZNUEVAMENTE
dccab3851de53aad9621e4650696df8c3154a46b2620b4182d7d911b9545dba9,zzzzzzzzzzzzZZZZZZZZZZZZZZIVERMENTICNA
99da8843bd007d2487d2251d6f62007ca6ee50884e2f54c13aae98a23b35e8ec,zzzzzzzzzzzzZZZZZZZZZZZZZZZZMORNINGSTAR
2cdfb58833201dad1f2076676801789d7a976bab422305d1a5f328cc8ae468dc,zzzzzzzzzzzzZZZZZZZZZZZZZZZZZZZHERO
3f33700e15ff9a8943e2a67c3a435278290931183d6189095c50a33822f5e1f3,zzzzzzzzzzzzZZZZZZZZZZZZZZZZZZZZSUMO
