sha256,rule
00381ab5055eadf6e2e3d3b54519b2fad6b70354c3e7efc44a3dc81c80357228,AsyncRAT
0b119b80a5676021afd368da94527fc9fe717e2abf5d94574d29bec307251483,AsyncRAT
0bbdae8713cdbb85ed8508140cc98c15c13fa8a82403d5ce848737d18491673a,AsyncRAT
0dfa8436adae997a349ce86c6be8dded7d5633fb0f967d902945355201e45fb2,AsyncRAT
0f05bb1a65af5bedf405354728aba4f9b021269b3f96a96ded24702688fd7f72,AsyncRAT
0f05e24cc77952658e111c0bb2bf8236fd38d2e1ed90ea9e57e53c13e89275ff,AsyncRAT
1103019f32dd745bffa5319de5a18c5ebc50425f5ec102a436a7de665e6b1553,AsyncRAT
13cad19e58cb7d6ac1752e14b986960acf423661d16245068c60810685bc4fed,AsyncRAT
146f7a39df033afe4bb001da5b4a6eceb89f9efab5538c470b7f7f3cb4bbd15e,AsyncRAT
17a05c09e0000294653d7e9ecb38e36b14e14f3fe371a2f8273535b2dca0c655,AsyncRAT
190518c5dd7f01e702a5c8dc1a6e67110662b7ef025d4ef678c6afb99ed7732a,AsyncRAT
19470ceb697cfe1039f344962da8fe0b1fe484bd0488db00afef27816ee62ae6,AsyncRAT
1c0cf156221c48f7270e751b73339db40c60dc9159f41e4fc8a2caaef53ccae7,AsyncRAT
230da3c81c2fa6775bf81a43103e79424ad7483ca1946b70b09fdf462a7f95bc,AsyncRAT
23d4837df84a76f96c674581c96e6a1729bac2981787d3b36ac5149d861f13e5,AsyncRAT
26437b47dc026ea0a9510214fd5f028bc28e74e4fac681a610908d8117566b02,AsyncRAT
281e900c100ad29ef512c1c188800cbdf9c85166bc24a419583f2677b1c6fd23,AsyncRAT
2a5fc364ad77f25a6655467a3b07a6cb99ece0b266a582df0de7724de2473da6,AsyncRAT
2c87d55e34d01cebb7e4a3d434c2207794bb0d319692e85c453b9da04ab6ee7d,AsyncRAT
3822efcf4cc76e1e0e8855d9f9c9ab5c236e118bf14fb004a9f048aa845de967,AsyncRAT
3ed9eeabf83f5155c9741cb79eeb121df08feafe8c4e55ec5037fe05cdc4ccbf,AsyncRAT
42c04f36d21be3f9ecb755d3884dddb783b04c7b8dfa94903a0b32ae63bc85f6,AsyncRAT
43ccf1bf3334c7238b2fbc8ab9192859eccf7535a43332f2fc16e710a2123863,AsyncRAT
4717ee69d28306254b1affa7efc0a50c481c3930025e75366ce93c99505ded96,AsyncRAT
48f7d8b31155f89698511479fa718a7c37eb1e141a07ec066b6f5ea45226ddc7,AsyncRAT
498295e3315135384e839b4e27850215d05510bd7dccff28af347d60e5ce9c1b,AsyncRAT
5b2dc2be60ce4e2b45f56c7e948d4cbf992bf03b491f88e9b38ba59451e94e91,AsyncRAT
5f037d9a6d3232b001d501328a679dd7966b61e70de6a89ca03ede1818fc120e,AsyncRAT
5fead40e3e8feebbad0847abc15af72969fa60d19c2516fce00c8fa9781fabd2,AsyncRAT
61b335f21eb74fdff0d12516e7995be1196807ac3b6f4fb0d5dc40a27cb19462,AsyncRAT
64345e03d3cc3c080eeb19bdc8db8ddd386083bae3690554b22ee97471354f33,AsyncRAT
65d3ff89602db4294fa2f585c472e566a3d72d2065e6bc4f493b02a3b08393ba,AsyncRAT
67250d5e5cb42df505b278e53ae346e7573ba60a06c3daac7ec05f853100e61c,AsyncRAT
6900ef44760cac95afb2d10690cfd59f5524606d9e3feb641e2c5cd01d8f5ed5,AsyncRAT
69642f95f35b3d14f1123de60819e66e59c8f125defb58d23b8766f498597de3,AsyncRAT
6a5b719d891f1eb61d97257cec527d2dfd7a480cb62dce353fbc445306e17cde,AsyncRAT
6aec30bd42fef3caeca35567a341224c528e810dd401d3e7920b827c5ba7253e,AsyncRAT
6e0eea6d05ec7748d580bed970cb0dff17fcb77073ba777e3ebc06818216f536,AsyncRAT
76cfef39203199224c8bdf5068a4ae8ad97c00a6da3ba5765b6e4ca0a95a4da5,AsyncRAT
7d6788ad0f5411310d02f7e24fe1bc127c0f7c502ef587c585d92e040c37d188,AsyncRAT
7e4b04eff7a729492ae46042d0d7183b0e29f111bdea019a1b14d07744df4c23,AsyncRAT
825e922dc9f1814625dc7a48824e853f63c08e56766fa988d18119c2f900039c,AsyncRAT
82a3ac360c8d78df9c78381f49b2f5d99f9d335bf05fa08135e614265c2bed02,AsyncRAT
8697dc74d7c07583f24488926fc6e117975f8a9f014972073d19a5e62d248ead,AsyncRAT
8c8e3494796cbd908da7555cff60ed755b18d2b24b398d57a1d8622990d47495,AsyncRAT
8ec3c671258940f0f97bc07afe234616bd2235d0bab299f84c7b1269d0da9c68,AsyncRAT
907ab14013ca5b760d2a16082b315bdfc54b4e9d44985d8cfb23fa43bc719cc8,AsyncRAT
9297b0db717beea397aacf15e7ef081faf3b9e430002a1c1b4e150e56fb940f9,AsyncRAT
9688c991a4ff169ba08c92fd336e16d5664823f3c96224e5b4dbb8bdab1f335e,AsyncRAT
982fb66d84c3d4c8665af9d24a22f3a32c4b9c1aab322db2c79cbe618ed28294,AsyncRAT
9dd8a6725b9c881311501b79770e4f1c9aee2c3b42f59f7694d48b67939eede5,AsyncRAT
a0f258884b2e191ac6c24614756770023e955fb5b7430836c14275dcf5f3fcd4,AsyncRAT
a3d44ec2a2d4b6795cdff6712c08017bb5afb44d5a7b1f7ea07eed95ba25b831,AsyncRAT
a46f4721441cbabed3a8dc3be2a63cc7820d619ee8e612923d19f4b418a48302,AsyncRAT
a49210b614cbce0405a2e5c08b47bbc4ae8aa933ddec3a5b1190f4faf2e2c830,AsyncRAT
a6422e864518b38336da336d15e97ab9e2040bf7c4f28fd80827a8e11ad388d4,AsyncRAT
a7228826ebfe312b7498cc1d990c9bc204118202e2d2f9dc3a828bbe7befd667,AsyncRAT
ac4f554d93627a4b00821177189b2dcf245daa5740e507a459487c5a5aaf7a16,AsyncRAT
aefeb07afc0d9f4d09ab09317db14edef1b58df175f70cf6ea88d7f6cdce8cfc,AsyncRAT
b01e228a3a1eadae8c2a23a315ec1b758672d4847ead57402d6d760377104ee0,AsyncRAT
b073af08539937da89655e88c84c05f0b6e2db09ca0872241d2971f4ba7546f2,AsyncRAT
b4c432638f72d5a9ebb995b87383598bf5e373bf1c6e8236fc5e308a3cd67d89,AsyncRAT
bef717e1da549e205bf88459c537cc22bbd381d24769f399eaa49521df1b9908,AsyncRAT
c06fdc9f0dbfd0b42d74c9226ed28f3f52b5bfc04af70f58b8b5b16439196184,AsyncRAT
c2efcc8fa76a41d46b7503cdfbbac52f59280fbbfa10ffe974af0b4edcf57c0f,AsyncRAT
c5f2eef5e4caca4a1e30c48f0b4caf9094a2a6a0cca786bf1311d56f8f1c5e31,AsyncRAT
c75a2077890df7bd8197a904e8d19ab59db98b393056f845ab6cdbda68d341ce,AsyncRAT
c8814c1c14499f91edcd6d526b22638b15f11a288a574f3c35127672f90d7be0,AsyncRAT
c8ca46366ec70b0463b3ee7e747c1c22e1d42f7e7e77e0e896edf99aebdbeb10,AsyncRAT
c9abbb1aeea178e8c8626f85bece0c7d928f0aed2b693a01ade75041015c3ee3,AsyncRAT
c9e2452b4d231ce272ea3b0b887de1a6b0ddf8c68149953cf3e69866d5a9875c,AsyncRAT
cadc53c72ec5abe2646caf068b06c4abc325216b04879ef719e0b5b8f2140daf,AsyncRAT
cbd1fc29f351525aaabaa17ef5088559df590d474068283701945ca8d7bc2d83,AsyncRAT
d1f92c57c99756b45074e5a4450a5ee60186cd34fab75921bb12d58428e5b0ce,AsyncRAT
d452cee94e3a2d58b05e9f62a4aa4004c0632d9b56fa8b57664d295bc88c4df0,AsyncRAT
d576d9e98452ac972fce6f787353f59587732aac6be8bd948fe38b4c23bbe682,AsyncRAT
d793f37eb89310ddfc6d0337598c316db0eccda4d30e34143c768235594a169c,AsyncRAT
d88abf38f8dc5f4094dffa816021922488b318119ff8ceb2c236ea6085df1a48,AsyncRAT
dde019d16ec15b22489565f04470eb6fbf5a16c2ead9d5b8358a53e69e4d3e59,AsyncRAT
e8aca8f27af178b2c191206c7bc04bfddc604a78b95699a72ca20c22f618c9b0,AsyncRAT
ebd7809cacae62bc94dfb8077868f53d53beb0614766213d48f4385ed09c73a6,AsyncRAT
f506c6e386c0d03d67dc82a635bd163b079c1be05fc9b288954422b6ad51111d,AsyncRAT
fa1d131e8ec8452871a65e4994b6b59781c42e16792960f24a8cb575ceb61278,AsyncRAT
fd2c48534e4067d84af2efd9d66007ae724a39b42ddf8e19a7f5ca3d32936d40,AsyncRAT
01033e294faecb37e41c01525574ff033890eccc799175858049556e27e4b426,Bitrat
93dd445822c1c5b30270fc5552a71a02eab536a80ba51e345632d2be18aded49,Bitrat
0c6f444c6940a3688ffc6f8b9d5774c032e3551ebbccb64e4280ae7fc1fac479,Blackcat
13828b390d5f58b002e808c2c4f02fdd920e236cc8015480fa33b6c1a9300e31,Blackcat
15b57c1b68cd6ce3c161042e0f3be9f32d78151fe95461eedc59a79fc222c7ed,Blackcat
1af1ca666e48afc933e2eda0ae1d6e88ebd23d27c54fd1d882161fd8c70b678e,Blackcat
2587001d6599f0ec03534ea823aab0febb75e83f657fadc3a662338cc08646b0,Blackcat
28d7e6fe31dc00f82cb032ba29aad6429837ba5efb83c2ce4d31d565896e1169,Blackcat
2cf54942e8cf0ef6296deaa7975618dadff0c32535295d3f0d5f577552229ffc,Blackcat
3850817e83a1cf4195920110bb2995a0386fdaeacbf81e13f52bdb3d124911f5,Blackcat
38834b796ed025563774167716a477e9217d45e47def20facb027325f2a790d1,Blackcat
3a08e3bfec2db5dbece359ac9662e65361a8625a0122e68b56cd5ef3aedf8ce1,Blackcat
3b18241ac1018db1c2fb5c9e8306490bcafb373c852f1c5ebae65c672632a620,Blackcat
3c8ad2dae0b1bb536925b4e8d5a87e77c6134371eada2c7628358d6c6d3083dc,Blackcat
3d7cf20ca6476e14e0a026f9bdd8ff1f26995cdc5854c3adb41a6135ef11ba83,Blackcat
3ed830b0803b63aca0a82661475c863801afd2e2b03c2675b05019d55f25a1f4,Blackcat
4e18f9293a6a72d5d42dad179b532407f45663098f959ea552ae43dbb9725cbf,Blackcat
5121f08cf8614a65d7a86c2f462c0694c132e2877a7f54ab7fcefd7ee5235a42,Blackcat
59868f4b346bd401e067380cac69080709c86e06fae219bfb5bc17605a71ab3f,Blackcat
5a604a8f0e72f3bf7901b7b67f881031a402ab8072269c00233a554df548f54d,Blackcat
5bdc0fb5cfbd42de726aacc40eddca034b5fa4afcc88ddfb40a3d9ae18672898,Blackcat
658e07739ad0137bceb910a351ce3fe4913f6fcc3f63e6ff2eb726e45f29e582,Blackcat
6660d0e87a142ab1bde4521d9c6f5e148490b05a57c71122e28280b35452e896,Blackcat
67d1f4077e929385cfd869bf279892bf10a2c8f0af4119e4bc15a2add9461fec,Blackcat
7154fdb1ef9044da59fcfdbdd1ed9abc1a594cacb41a0aeddb5cd9fdaeea5ea8,Blackcat
722f1c1527b2c788746fec4dd1af70b0c703644336909735f8f23f6ef265784b,Blackcat
731adcf2d7fb61a8335e23dbee2436249e5d5753977ec465754c6b699e9bf161,Blackcat
79802d6a6be8433720857d2b53b46f8011ec734a237aae1c3c1fea50ff683c13,Blackcat
7b2449bb8be1b37a9d580c2592a67a759a3116fe640041d0f36dc93ca3db4487,Blackcat
7bb383b31d1b415bc067e612203cc6bda53e914f7ca5291299e92f59d47cabf8,Blackcat
7e363b5f1ba373782261713fa99e8bbc35ddda97e48799c4eb28f17989da8d8e,Blackcat
9802a1e8fb425ac3a7c0a7fca5a17cfcb7f3f5f0962deb29e3982f0bece95e26,Blackcat
9f6876762614e407d0ee6005f165dd4bbd12cb21986abc4a3a5c7dc6271fcdc3,Blackcat
a15f278540238f0308608e76a76c01c60e04f5e5bbe9ffce5455f2e965574a12,Blackcat
aa0f4cb553da8349cc30d212aebace0201810babf21ce57811c2dcd6b074f3b3,Blackcat
aae77d41eba652683f3ae114fadec279d5759052d2d774f149f3055bf40c4c14,Blackcat
b588823eb5c65f36d067d496881d9c704d3ba57100c273656a56a43215f35442,Blackcat
bacedbb23254934b736a9daf6de52620c9250a49686d519ceaf0a8d25da0a97f,Blackcat
bd337d4e83ab1c2cacb43e4569f977d188f1bb7c7a077026304bf186d49d4117,Blackcat
be8c5d07ab6e39db28c40db20a32f47a97b7ec9f26c9003f9101a154a5a98486,Blackcat
c3e5d4e62ae4eca2bfca22f8f3c8cbec12757f78107e91e85404611548e06e40,Blackcat
c50bca08a8e80850ec18d258ff937b7b72a500d9027c730c86b05aa73c938b5d,Blackcat
c5ad3534e1c939661b71f56144d19ff36e9ea365fdb47e4f8e2d267c39376486,Blackcat
c8b3b67ea4d7625f8b37ba59eed5c9406b3ef04b7a19b97e5dd5dab1bd59f283,Blackcat
cefea76dfdbb48cfe1a3db2c8df34e898e29bec9b2c13e79ef40655c637833ae,Blackcat
d0e0923cf7f97c86b6cde608bc7a0332d03881e598de7b8e41c114d1576e4534,Blackcat
d3fd49f8f42fa571209af568a65119433e114bb66da21eda12b96a16b5ebfe21,Blackcat
d767524e1bbb8d50129485ffa667eb1d379c745c30d4588672636998c20f857f,Blackcat
e69a13add1245bc1b7b6337e64eee9b53395b9574f2b85d32f891680c7165ff5,Blackcat
e7060538ee4b48b0b975c8928c617f218703dab7aa7814ce97481596f2a78556,Blackcat
f2b3f1ed693021b20f456a058b86b08abfc4876c7a3ae18aea6e95567fd55b2e,Blackcat
f7a038f9b91c40e9d67f4168997d7d8c12c2d27cd9e36c413dd021796a24e083,Blackcat
f815f5d6c85bcbc1ec071dd39532a20f5ce910989552d980d1d4346f57b75f89,Blackcat
f837f1cd60e9941aa60f7be50a8f2aaaac380f560db8ee001408f35c1b7a97cb,Blackcat
f8c08d00ff6e8c6adb1a93cd133b19302d0b651afd73ccb54e3b6ac6c60d99c6,Blackcat
2f92d416f73472db1ebe880b3bec677bcb1d96d6ad62974da00b4be5f6d61f5b,CobaltStrike
3b94cc71c325f9068105b9e7d5c9667b1de2bde85b7abc5b29ff649fd54715c4,CobaltStrike
74202eed181e2b83dd0ab6f791a34a13bd94e63e86b82395f9443cb5aeddc891,CobaltStrike
a4f1f09a2b9bc87de90891da6c0fca28e2f88fd67034648060cef9862af9a3bf,CobaltStrike
c3dfcd55ea3b621537c1d7170212249d3d12f96a08d0e5c2ed1d4f0cf6036eb6,CobaltStrike
c4ff632696ec6e406388e1d42421b3cd3b5f79dcb2df67e2022d961d5f5a9e78,CobaltStrike
ca66b671a75bbee69a4a4d3000b45d5dc7d3891c7ee5891272ccb2c5aed5746c,CobaltStrike
2ca332d56d0e032be324b6ed2c014f4edf9cfa328bc5ac61e5434c9ddf7c17b6,CobaltStrike64
48b5fb3fa3ea67c2bc0086c41ec755c39d748a7100d71b81f618e82bf1c479f0,CobaltStrike64
8b5279e449004c98c8693363cf9a1d143eb3ef3537bd81cc6f03f41305f6316d,CobaltStrike64
8be8a6f8fe7c182a5017040aa8c8cfc9cefbcf8f3d1be932c7e710101c34d57e,CobaltStrike64
b101cd29e18a515753409ae86ce68a4cedbe0d640d385eb24b9bbb69cf8186ae,CobaltStrike64
c0976a1fbc3dd938f1d2996a888d0b3a516b432a2c38d788831553d81e2f5858,CobaltStrike64
d71a7b1efc4a06afffd94f526ad496368a9c4489296076449c74eec2d76ee4ca,CobaltStrike64
ee42ddacbd202008bcc1312e548e1d9ac670dd3d86c999606a3a01d464a2a330,CobaltStrike64
ee44c0692fd2ab2f01d17ca4b58ca6c7f79388cbc681f885bb17ec946514088c,CobaltStrike64
4ad69083be6c8550af2cb9e9ac749d7c3439d71b542891238a6c749f393a00d5,Cybergate
4e3358f2c55a09345d65387f5f85ff330ddc18ec9223b773c32990433ae3cd57,Cybergate
6385e64dce8e5cc723fba17edfddc8df6ba18ba2a05b5dd60ac474efb445789b,Cybergate
64ad814038c37cd199b1612c22329244a66d8fca4a0f9953cdd3d1b1ee7b2f95,Cybergate
81a058522752f8f11c5045ab81b70e673f79cc0504a9f1a565f324336064a3b7,Cybergate
94a3b5867d9804f89ea9c1fc8581ba56c83a80f0e77491a380a919377c79af57,Cybergate
cf433da0d2dbbbb026ab3feb9b6b7d44fd681ae33e56da6d41df7e3f6f2c4c46,Cybergate
d75818826396ad035834ffc9bbf5f59ad811c21ab6a0bba17911bf59b131b0ad,Cybergate
d8c1ccb824ce06a0374f673803bb6247e364145984d25feeb61ae4cbbaa87861,Cybergate
d8c6afd74588a7eacf04b93f6bc51332b46a524b0f4e5fcff400894deb381d20,Cybergate
13747da2dc6d5e123a657f63178aa44bb811c3f03bf49607bb46bd8f412a102f,Darkcomet
418042046e8f45e3eeb72cde92ac07d8bbdbfcb1e754e1e79699198edeb2b27d,Darkcomet
5586970e711d7ac4472f77bbe4b25d51a150eed87c4be3b3b696d8dfa2ab6b96,Darkcomet
5f5f1b93913bb05066ba6c017f004525951f587cea100884421775aaf7056f63,Darkcomet
d1b560d079b7f19a62e4461f562d76a5076c2d24da8f0455cf5647c634e602f9,Darkcomet
cbd130b4b714c9bb0a62e45b2e07f3ab20a6db3abd1899aa3ec21f402d25779e,Dridex
b0699861417da2e3626eb78d62d305b7ca5e03f06e5e6bfd0eea99d64306495e,DridexLoader
d18d211cf75fbc048d785af92b76a1aa7a01e381313b1a5e66e9cf564cbe78d4,DridexLoader
d77234374d79b24022c26ecdd16a684ae7e94efba502422d74852b0eddd4f1b4,DridexLoader
de6a8b8612b5236a18eea1a6a8f53e117d046cf2ad95e079a6715af68f8d2216,Emotet2019September
5943e0f810c211de134f7225c22c1d453da8acb0b6774b86b60eeb084b61a37a,Formbook
c5219c1f956fe3fd523989a140c35f2ffbcbc7d79218262a29f6a660985175c0,Formbook
041a35113b4fe09add33e26cf0c4358d5f6cc43a63032fca4a078e1f433d2f23,Gozi_JJ_loader
05e6c944a139a37a1a7abb5da5af5ddbb378a0949c3b9fbb1498d286623ef85a,Gozi_JJ_loader
08db0d760bcb1ca22f24dde4b06ae8978c832b47e5c86f3e903219278f519933,Gozi_JJ_loader
0a9a5863863cad2d9a24c01e787278d656f307afdd8bf0e9bbe083e2425e0722,Gozi_JJ_loader
0c085fadd8063fcddbf4d9f6be50af69b08b3bde7566f68749f88055c6331a1c,Gozi_JJ_loader
0d31e3776e9a3b33ecec4f3eb1ebab1613dd5669e978f1db6d0430dc935a9f9e,Gozi_JJ_loader
10dccb933c67304adbd4aca3d9d04919c7801539c7bd701b8b3940bb02d3cbc9,Gozi_JJ_loader
117c9a20a49f6c28ac9c18d8eb4f5e8bb8c8a09e895e8a38549e15b0c38c4769,Gozi_JJ_loader
154548cebfd6cf327efeb6d17c14a05c000e00d341459b52ed12246f532319fc,Gozi_JJ_loader
15d8ef1545e7abb85e6ff644490157850039a20415203f8b5115c7398ed92143,Gozi_JJ_loader
1aec7136dc18c9dcf4c5feebba60484ee2dc6f44eacbe5d1f67c6cff248b558e,Gozi_JJ_loader
1d0923f9bf58a357fdadf974b8088203e596ab4baa684de5013aadfc5e906b49,Gozi_JJ_loader
1d21abefd84cbc607015f06769fc9550337f5d200348ff21fb5be183f90222b3,Gozi_JJ_loader
21b1a6464178a651a748857f088473ae3154a83cf63540261ce84eb7fbf2a234,Gozi_JJ_loader
24afc24b77671b4426c30c6ef58a77cd533945dfc2749e8e297a81d2b1d95f94,Gozi_JJ_loader
24b2141c1134ef14f33a38c58342b6573940c5460d03a2945fafac36e32e6889,Gozi_JJ_loader
255d07a01501adbee32dd3a414ddf624dfbc6a1adaa7fa27e049e22965d71269,Gozi_JJ_loader
2593d2f65feead439497173c78a10d57b573269d0ca628c2fc5668d641a04684,Gozi_JJ_loader
2730daa49dbc70069432dfb5c21d993860e13778be3922d10fec9b19f2d641b6,Gozi_JJ_loader
287a10fc8cd08f3ee721cef7977127a13c5dd93f2c6051f227c4731500c1b442,Gozi_JJ_loader
2887117b19363d209f9d47ee5b3b9d33a9357d7584dabd1e0cef3a33b43500f2,Gozi_JJ_loader
2b07b9359a49744393487b7349cbcff88dc018cd32e1bc92241f85682fb7c1c1,Gozi_JJ_loader
2b1f966302490f0d71bef16033fac247e2b19345ae2efd053a309ae851a62fb5,Gozi_JJ_loader
2df02d68b0f08cab1f6c5855b34599a610a51bd1f9d1df746aa72ac461d551b8,Gozi_JJ_loader
2f50cd8d3256c041ee1b803b9e229f81004835fb9b1b25787346ccdefc62b153,Gozi_JJ_loader
303b59e0ce995e52d11c7243d8c6082f878436825b119adf47441b9adcd23b35,Gozi_JJ_loader
30d4c0348b0cdff63ba2ddc5b7891bf91da0a3907ac30241eb699fbfdd97e78c,Gozi_JJ_loader
3193db7e33e1570a2776d80457d9fa20a33a30072690cddf9358bf314ce8da4d,Gozi_JJ_loader
325b79f22e1917b513bf90c436a8aa1606f6cb733f73e3c3f9d6c077deef1425,Gozi_JJ_loader
36ce547286ebe2dca45e6c89f7880fb30f7f4e71c2b2b5674f059b48063fcf9d,Gozi_JJ_loader
395ff5e5a0f149dd3eaf05f1330df70f4dfac14c60386642f25593292f109847,Gozi_JJ_loader
410c22e43f97b8efe946765365db34e3485af80c1b394121da95e0f2bb4302a7,Gozi_JJ_loader
4140bf6968c3a39274645130e37bf0cb1b550c08c9ed08990bac32b4ad33f172,Gozi_JJ_loader
42636f3185c9e398958aad272d983c8b8b1409df4ce93f1f8f608e190290f56d,Gozi_JJ_loader
446ffd272c79554a19b5f4299327fb74b8ff457681d10571caa6eea51ec406b0,Gozi_JJ_loader
479c3bd3a3a3d3ffd760c4eb82013e52fddbd969e0ea04c73f2cde4d3c620a64,Gozi_JJ_loader
47f6730bd6546b75cf0e9ed47defc5df68da9d089b8f2acd7723a85cc44f9405,Gozi_JJ_loader
4a93010d93f878cc4fa19923bdcc5a3d142d18a425bbbbd2e0c47871e5c7d62e,Gozi_JJ_loader
4b5c55c41987b15be6989011854ae7fedcb3aa9008b17b71d7f17ba1eb3be211,Gozi_JJ_loader
4bc7fcda3035f4624c92c2f6b9ae1e4576b5f49e4e4475895de929ca436ddf20,Gozi_JJ_loader
4c860b1af02834256edfa7db1126fb1490e3787c07a93508d174be7b1fe01175,Gozi_JJ_loader
4c8de1713f830819e8354b653fd19a5cafd0bc8fa3145eedf555f24261c874de,Gozi_JJ_loader
5131f07906cde97cc638d34c8879cfc9298761bd04a80fe94dc33cac86d16011,Gozi_JJ_loader
52d81570332b7a4d437fa8853ea742444a327fc17dd5afa97cd5d5df53604d49,Gozi_JJ_loader
57053a0aaefaf07652678cf4e5130542ddc76c522d76b4cab9b668bc3cb47c33,Gozi_JJ_loader
5993e5aad6e841331c4e595623bd30b6f6c147e014124c29c1f080ec487cca8d,Gozi_JJ_loader
5b59018d2e762b290d46e2a6c42934812a7af6e4b4592eea7e1ebbed3a582d1d,Gozi_JJ_loader
61e668f79ade08a08124508c860099c842f5f70ce6a7151a3df17e7b613135b3,Gozi_JJ_loader
61f17746460fee9cc2574e51e119606bb4fb80abfc15e050263ed712d3b8903f,Gozi_JJ_loader
65a3f90a6eeef600695a424e195a4b5076c114481c44641c9ebe56fb7db2ade0,Gozi_JJ_loader
67082b36ca9dffcb48423dbf5c9bd41d94ec0156df01a15c6d87d16582ed7462,Gozi_JJ_loader
69165c9361b537120111371cb77cd2282c48889c5c57f6e5c8cd7948ee9e9f75,Gozi_JJ_loader
6e46ab33869bf745574e871b3f118e4c208ba39e0b4e5912a8704b5bd43d5825,Gozi_JJ_loader
7384e608a14203985f9a2392f70cd8822cac1fd2688ee3efd6e4ac55b5c9bf64,Gozi_JJ_loader
73946f631d76d8a59be2648cc71dacc99d7549f0ab44a9c94bfd4fe32cf77f5a,Gozi_JJ_loader
746c01bae1a410c505795f3d579ad7d12179de7d8d4392090fdc22ebb4b7454b,Gozi_JJ_loader
7846d33f6ec352546235818871ecaf5ba70811d4ebfda4d4fbbb7b5305a67a36,Gozi_JJ_loader
7a6e89ea837aaa9eaf078b57781b6ab367e8cb988d21b32edec1a6314d54ac05,Gozi_JJ_loader
7b13d0149faf344e928cce62f24e90aed4913db98d25a6a96e4f802e0bf4e450,Gozi_JJ_loader
7bc2e7b91233c94115d3fb6cfaa3ad29d052ccdce70329ef6051da70b7674139,Gozi_JJ_loader
7bc84737bab1f85a443ff4b77650b1722d1906022556876c609aa943d983e526,Gozi_JJ_loader
7ceb6eade1df9035a327c93af4286bde58496486023123b26161bee65a5e237b,Gozi_JJ_loader
7d8a91edbbb1f38e78b97a8314076ef6c4061006afce4136e75a6e254b135c7a,Gozi_JJ_loader
7f66b1c5f30bd5cdf674d60841abd1c00a445b17c51fd4d02b1209f9b6e31247,Gozi_JJ_loader
86480edcc886188aa29079e71165b2b91feeb9aa16787b324ec7cab650be928b,Gozi_JJ_loader
8b6a8ac696118c7e91da4f57dfa6fea916366a95005f840c9b9a4e2b3e591f42,Gozi_JJ_loader
8efa4ef59e81806a5c34fee1ad6d6339feb01011a8748057782255b64df0cf5f,Gozi_JJ_loader
8fc83960b4e8e25e17080a63dc1793d4db13d178706f9576395e20df5ce1e78d,Gozi_JJ_loader
90a57383b34251c2020e53eaa9eaad4d7bf37d7f62a3162657919027b6d12a07,Gozi_JJ_loader
918b13d80deed3187481528af2a150796fd4b42fbe41b41aff2f62589f3f5870,Gozi_JJ_loader
97b69baede9bb0d3bc0bd5a21dd8a5eecd8448d0e2eb509a69ac2daf0a278f85,Gozi_JJ_loader
98bafb19352075bb13bee3a2f4824868feb5b4db0776c3a7497013f5f6ea7dcf,Gozi_JJ_loader
9b5992a4468fbf78d54ac91af29a6718da0f36a453a8c8f4dbb62c04425bcf31,Gozi_JJ_loader
9ea3a726cabb7a8743e4c2f248767d39ae38e6e903202614a098969ad13fabd6,Gozi_JJ_loader
9ee80117345e20be3a482b3f680569cfd84f07c72958657906eacc0dd42cc611,Gozi_JJ_loader
a30573011030c4e9f12ae4be142c4ab70d268fc132346c24a947d8ca698fae2d,Gozi_JJ_loader
a348275b844432ec598d76496c8fccd6a9aa488be707709a64bdf3d3b8acb231,Gozi_JJ_loader
a46bdcf1e4e5244023a54f12c91de56112e6ffc809ae31bf34e95e54a1cea851,Gozi_JJ_loader
a5bbfb42a1051ba4ccfd73ccd2fef7dbcf15b32c5f12b120fbfb7641c0e46708,Gozi_JJ_loader
a61b9e265c59407a10fbbf3a0de2f592ee781b6e2419fc0ecfee2aeb1fd4ca24,Gozi_JJ_loader
a7dbeb1f4d48b2229bf2ad62213bc452df3919b4da403f85c9642cd0c16a7835,Gozi_JJ_loader
aa94f950a4ec6529ffe4aac38553168655d4a6fa2b4ee174e0243518c6f15ed5,Gozi_JJ_loader
ab6af6765fb5c39f7823992f823c06ac725a2a540ce0122a58809d97731f4462,Gozi_JJ_loader
ad7216db1667fa4d4d723f9ebaf863b6a68ebda265b42d8ad4f45bb49ef876b2,Gozi_JJ_loader
b25f08c16f8f936e5d513261e4b767c1ebc3d00aae078eaf1708bcfe4962a276,Gozi_JJ_loader
b43f273624b7cbe373cea8466f078896c32bcc81cbba01a302ec0101413b2bd8,Gozi_JJ_loader
b459b94f3332241a18e242a1b288ba1f7578c7853b2e2d3b941cc6d8daca9553,Gozi_JJ_loader
b46a9968abe1d12141335d41bc8d573723b551eb48a5e14469e134bc5919f526,Gozi_JJ_loader
c064f6f047a4e39014a29c8c95526c3fe90d7bcea5ef0b8f21ea306c27713d1f,Gozi_JJ_loader
c190aaf1e91952bd85e280c91827920205e3a9ca54d74ee5c0295f0a7ffb11b2,Gozi_JJ_loader
c8386c0d1ecba6c9edd57338fb2d8219a1d1c1a6ded2d89b26567b452e3a9373,Gozi_JJ_loader
c85142c57f14a2e45e3f600ceab36e1731a0dc4caed235d63447cb1d48d8a6f5,Gozi_JJ_loader
c8aea25f763e308877701a6488e6b0c0d089bd52cfbc351f693246a493a574c2,Gozi_JJ_loader
c9faa1635ec5577b6f220f892d1e046955717c486f58a364dde98e916cb23548,Gozi_JJ_loader
cf07efb532838e6877e88c40f4e69d7f77800248e91af8a553663ca0bd3ae7ef,Gozi_JJ_loader
cf24f90f234002a190b14d2741b8de583076bc3502245f694c1ddd4efd4cbeac,Gozi_JJ_loader
cf6416e7beffa462753029555abbc2654aba2ee924414c12be769b4c706e7567,Gozi_JJ_loader
d17f98ba86ff96b5dc84e5a4ff800791c2a88d36f3ef8827e8ee089790080968,Gozi_JJ_loader
d1a1ed682b045fb85e37d051c5ae14ed38b4ccf85116178caf8a4157670aaff1,Gozi_JJ_loader
d3a599afc2d9d25fcd790c2a5a512bd0a10df5c0523da341b73026e1bfce58e0,Gozi_JJ_loader
d64ee497aee7a9bb569130b1602d9485cae425eee3c5bcfd015d8f4034ed1452,Gozi_JJ_loader
d7ad498b434ad59d2d940cf3ec59237afbc2051a52fe2dffda3e61c739d9b87d,Gozi_JJ_loader
daaf4ed5bfe5c7b618a9db321e6117e1b1597c338ae0e055d070d32dbd608838,Gozi_JJ_loader
db2c753948ffb71db865e84408435f9480fb9c631c9234be22c96a89db2c2c6b,Gozi_JJ_loader
dd20ea6713196abfe3e0d36679d71d39e5f469b2ecf28a1584f15f20746d9de3,Gozi_JJ_loader
deb2d4eb3080298e30d0e63d22237b7ab4490ef30d44fe3c42b1430690a04b4d,Gozi_JJ_loader
e0fb9ad32f0306b285b5c274a13c48637dd523a37ede3eb7c9150351a3a76cec,Gozi_JJ_loader
e46a970bba107b5ba586db2eb133e2967cfc3e92f759042459d92eaea5de4e05,Gozi_JJ_loader
e4a6b575232cac61b04e12737b0a16c58a7713980f366902fb46ad2b5bff64b2,Gozi_JJ_loader
e53b0a60c238c45019089bdf7f16d5f47b7ba15ca2c918e385c41f0c2076eb52,Gozi_JJ_loader
e963f86daba6d6f59946e0935da060eb2053d2fb26df619b4f8c966e3c25c934,Gozi_JJ_loader
eab3e8ad9473d1834beab98946e6ffdc9fa0256620b1e8b118f52a6518fba4f3,Gozi_JJ_loader
eaeefb654a6ea0087cbac9574f61a7bb55f29f96d99d2c623044b8da5478f502,Gozi_JJ_loader
ec23873186856213da6f41f4b7dfd4fe1f3c539e2c84771f4d95c89e109bd9eb,Gozi_JJ_loader
ee0f27a72967e8689b46f72bfe3295c63f036a27d3bcc6b3e07602340c70b3a9,Gozi_JJ_loader
ee491174790ccb31304750bda869cc27c3215df26b7edfbb4a0172236d87b04b,Gozi_JJ_loader
ef4794dacfce59b11e0b794892a0ba3606f083d3643df3f29120c61786dd18ea,Gozi_JJ_loader
f1d52cd34c0df61ffff7039a95cf70434de8162e057ddce98e9568edae1eae62,Gozi_JJ_loader
f43aae4c32e36056c507374396380f975a84fcb216d9eee92330af65db4741f7,Gozi_JJ_loader
f466a75cb24e2c27c5bf7ef46f1cbc27bfd5d2f3a5055a0c41470b5495c9d74f,Gozi_JJ_loader
f9583fd88e3ccec6b45c00d5799b5a2aaf1cd374ea8af5edf19561787ddfca2d,Gozi_JJ_loader
fa00bfbefef6820343b128e4b31d9509813ffba9835871876d7c5f8d18a3a102,Gozi_JJ_loader
fb6d3d338904bc824c91b981c147b3e287b69986ca080c1224bfd3e528533a77,Gozi_JJ_loader
fc6e3b3f23619d290016e1aec48c18513a6dcffc771eb02ce2be729db86b0fcc,Gozi_JJ_loader
068d32a43191dc0164b600b85a1621be0154504fd477167422ff4a8fb3406d73,HawkeyeReborn
64114c398f1c14d4e840f62395edd9a8c43d834708f8d8fce12f8a6502b0e981,Lokibot
c9038e31f798119d9e93e7eafbdd3e0f215e24ee2200fcd2a3ba460d549894ab,Lokibot
3b90d9fad35a45a738c6b2830896168c99014474de17984411be61b25acf6db5,Metasploit
463d103fd03b50ba05fa1427d29b443cbcf1855e354dd81b723b2141d23cae17,Metasploit
c67625e2b5e2f01b74e854c0c1fdf0b3b4733885475fe35b80a5f4bca13eccc7,Metasploit
c8b3d4b6acce6b6655e17255ef7a214651b7fc4e43f9964df24556343393a1a3,Metasploit
ca0df32504d3cf78d629e33b055213df5f71db3d5a0313ebc07fe2c05e506826,Metasploit
cd4d1a6b3efb3d280b8d4e77e306e05157f6ef8a226d7db08ac2006cce95997c,Metasploit
ce7161381a0a0495ef998b5e202eb3e8fa2945dfdba0fd2a612d68b986c92678,Metasploit
cf7863e023475d695c6f72c471d314b8b1781c6e9087ff4d70118b30205da5f0,Metasploit
d0843ddc2b27f720511041b0dbdb157a55146ee1d8aed050e725a8c073831978,Metasploit
d33d03c3eeda85469842dd8e19809007e54171f068137a17f425b43f2b94d407,Metasploit
d3f9d5027cc907458eacc948ba6869a10d458831943fbbdb2aba576db0b15078,Metasploit
d428d79f58425d831c2ee0a73f04749715e8c4dd30ccd81d92fe17485e6dfcda,Metasploit
d5a296bac02b0b536342e8fb3b9cb40414ea86aa602353bc2c7be18386b13094,Metasploit
dbe165a63ed14e6c9bdcd314cf54d173e68db9d36623b09057d0a4d0519f1306,Metasploit
dc1f214e0278be2f1718d74682dbf107ddd2f913564235e8872e9f9c7b82ebf2,Metasploit
dd2625388bb2d2b02b6c10d4ee78f68a918b25ddd712a0862bcf92fa64284ffa,Metasploit
e302aa06ad76b7e26e7ba2c3276017c9e127e0f16834fb7c8deae2141db09542,Metasploit
e394b1a1561c94621dbd63f7b8ea7361485a1f903f86800d50bd7e27ad801a5f,Metasploit
e6c717b06d7ded23408461848ad0ee734f77b17e399c6788e68bc15219f155d7,Metasploit
e88045931b9d99511ce71cc94f2e3d1159581e5eb26d4e05146749e1620dc678,Metasploit
ea013cd8c17fd6b2a8521e882302e46597278ad4ffe5509ce0546f1e20770eb7,Metasploit
ea338755e8104d654e7d38170aaae305930feabf38ea946083bb68e8d76a0af3,Metasploit
ee5eca8648e45e2fea9dac0d920ef1a1792d8690c41ee7f20343de1927cc88b9,Metasploit
ef2c384c795d5ca8ce17394e278b5c98f293a76047a06fc672da38bb56756aec,Metasploit
f1cbacea1c6d05cd5aa6fc9532f5ead67220d15008db9fa29afaaf134645e9de,Metasploit
f2e4528049f598bdb25ce109a669a1f446c6a47739320a903a9254f7d3c69427,Metasploit
f44c3fd546b8c74cc58630ebcb5bea417696fac4bb89d00da42202f40da31354,Metasploit
f8751a004489926ceb03321ea3494c54d971257d48dadbae9e8a3c5285bd6992,Metasploit
ff0b59f23630f4a854448b82f1f0cd66bc4b1124a3f49f0aecaca28309673cb0,Metasploit
12c9f6699f64c757aebf5d9120d95a612826bee0ffe7676812b28bd31e86c9c0,MetasploitStager
b41e3e91d96fc7cd35e02cf63b91010729728f47824d040e9a1c5f1394569383,MetasploitStager
b55e9d65a3130f543360a9c488d35475d4789ee7a32a4e94d02f33c21a172bcb,MetasploitStager
cf699520db73bfa7abaddec2c0d2e11d399b0cdeecabd7097fd2c0498949025f,MetasploitStager
d89f7805e56cd9ca92fad64fe15ab226e4c780b14a76f4e887d6dd62375064a8,MetasploitStager
08f606317d3c102925f4f8a7a01af417e54a0c7bc04cfa3b542db44c05c2ce0f,Microsoft Office MHTML OLEObject}
27f5930e8bdb4e45477428f719a8dfecbba21825ffdd6e4e4c97c888f19da683,Microsoft Office MHTML OLEObject}
2b55889535480e9b03466517783bcea5bf28bb8c2f67d6e0dcce911c2598357d,Microsoft Office MHTML OLEObject}
36295061f572ac504f8a5e9785640ae4117c761e880a88d34b8a0df464507cd3,Microsoft Office MHTML OLEObject}
4572ed1a6d5c262254e2a05107f1f4e7a885772349e67dd45c8491a090e1bf32,Microsoft Office MHTML OLEObject}
77081771d71513e95bc57b3a656db24077a4ce2a5a2aa8eda23216bb9d5bb8b4,Microsoft Office MHTML OLEObject}
7d0e5c7a011351eabd184ef1c397ebd2444577d28c4e70c15ba908aa8a648b1a,Microsoft Office MHTML OLEObject}
cce4c37fa13da8953c962809bf9a57190ec37904533965ab1ddc7ffdcb4ab7e6,Microsoft Office MHTML OLEObject}
02254a03f08055399806b6457ee5e4fe6cfc47c6f75254434a14332d4c43afe5,NanoCore
098fe3c8d0407e7438827fb38831dac4af8bd42690f8bd43d4f92fd2b7f33525,NanoCore
0b04028774f0e166dcbe0f993b72c430dc15364e9cc52c221bdadcc9833816f2,NanoCore
16ea765b2c51eadc61c6501b4ba96073a7d50f8cd7898285ffad49ba14a121dd,NanoCore
2d26bc42a499c4658523193ade85df13ab397d375fa593a757c54a6f1c71f221,NanoCore
74b35b4efbb35be941747e075989cca934ddf075a27d2ed84c55ac018190f207,NanoCore
8d1db84b71eb1f38f95c13c89a6adfbc64d7ca5c5a5165ae7919e0d1e6fadc45,NanoCore
8e738b2239bbca9f50eab5f3cf3cbe58138e3b2515221c67e7eb934e2d3c7486,NanoCore
982e2abc769f579a8753e8b2f65e0b0bbfbbdbae14b88f0ed697b635a9f4e38f,NanoCore
bc4c98116fadbcef2abfd0fe62a15b154a3b8a8eb329a877d64edc59260519c4,NanoCore
54338b912efb3f4ee2f6760b97d57f924b96215c28c53715cadb7d6636ac6403,NetWire
c4facee5b8bdcb71ad41e600c454bb96a26fb4ab0888285e7182be1ed997b157,NetWire
14540d01812526cbe9172c84123334c980f3e5881ac795bd90520884a49b05e4,Njrat
1c604e040c04be9fad3129d7bd9c69b7f8057050b2002605dde1f5e60817f89a,Njrat
3f330d95bd8bf7c71809189a1aa5285fea9d63fc7d193cda4b827e04bfa16bb3,Njrat
418655281c560221783f5b6f418c6d3d5596080db1d257e570c14f230cbe48b2,Njrat
486c32527778d03a182ea138b120e65894c2a56694475d46cdaf8096c8315ef2,Njrat
498fd1c4cb16f39974555d6e596fcea6c7da73f9f0f30f57fdc8177fc3feaa4e,Njrat
576eb01b09d8a2d7e8b8bb65bd23c237f80e70bb89ff03636574442c8414b271,Njrat
5dfd79503b19b67052ec060d74e1f2a9a5ee34de74d578c5b4499468bad8f1cb,Njrat
6c45909d6311f8d356ddc704b27bd975cb3336a7b6e172206165bff613f94a2a,Njrat
7bf2d1167b4cd57a72aa1c34b2c3f978ed42569ff0494411af164b1ead715466,Njrat
877453c0e614e732eb9ee378693cf92263d2373e09c8287e3a4a821ecee29764,Njrat
ae8fa9b59fb15269e27cbbff6ad480cb53699eb56ff7bb36bcfd1b952a183e17,Njrat
b00cc9a4292fc5cc4ae5371ea1615ec6e49ebaf061dc4eccde84a6f96d95747c,Njrat
c79ab21cf7fc23b9a096c4d9aa5b7cd02d968b8dfc58b137c2df44b1e55307b6,Njrat
d938c32b40e200fcf78e486624d8cec27500a24255cc6659151b23ca896bb67d,Njrat
da3d49eed9698a39e8a7b31325c6066f13414bf6f259750ed72cee62ec4092a0,Njrat
df4bc0d07bc6c384a0bf015959ea86cc7fd26853cd74f106e1e1711eb8d33bac,Njrat
dfd64e1ef1c5f78a9ffaf9484ad944428a42c506d4bdd4abd06c36af1286f830,Njrat
e222c6a6075e5a90dc73030e078015d7f286e239ea64aaf09a6c3d7d92bd0d4c,Njrat
f9e1d6034641cb0a7499c761999a8ce0b94be591312114b20998b881df37e8fb,Njrat
59aaa2b8116ba01c1b37937db37213ff1f4a8552a7211ab21f73ffac2c0c13ce,PlugX
918de40e8ba7e9c1ba555aa22c8acbfdf77f9c050d5ddcd7bd0e3221195c876f,PlugX
26cd03696045fb93b415b022fa6bc832098394bf362f4b4c4e897e9550d12618,Qakbot
2a0a88a2e5f9cafa10a48d63bdfcdf965b72c25978ab46cf28e795dbedc9624a,Qakbot
54e526fe059a3f25cdaed954e32f44eadffb3e51548658409468dcf2d63b634c,Qakbot
6402b33d729c8bb44881747a8f397f4aec408bf5e18b9af6fd86cdfa3f96323b,Qakbot
64c044cb3ec26babdd17107b2aa6ded60b22473c4e2943e1fcc03df8bc2e0edb,Qakbot
85d0b72fe822fd6c22827b4da1917d2c1f2d9faa838e003e78e533384ea80939,Qakbot
e5efde974017a12a573548f12b5473887601c897e8660eb57803c18523f72815,Qakbot
0644e561225ab696a97ba9a77583dcaab4c26ef0379078c65f9ade684406eded,Quasar
41dcaf4c90164544df7f6355059f9d31534a72ddcd310729332ef1af1e304a29,Quasar
a23c182349f17398076360b2cb72e81e5e23589351d3a6af59a27e1d552e1ec0,Quasar
f65d048df081eb235c6b9b39af82d7c1a68931eda1af0214a1a941ee2aa3ba2e,Quasar
827db97b1bc0843a4098668d4571804efdcc68a9047b0df4963bf0d1262dfe7e,RedLine
02f2369b58fbb2ba1df2c799b73842880a4874c32c1514a0d8956133be026ade,Remcos
03cb44736cdd60318af8399047507b011b95fadd4784b1607b28ad4940a9a36e,Remcos
0a9babd846b1edf99e75f3c9de492c6341f9ca9a8e91851ad323bf8f325f9799,Remcos
116da8803ac9b2dd7e1149567f227d552e84db86dd7a33ad69e15b560f0fa177,Remcos
132664a7a25a029660a6295fb934799353dae5ab7bb5d39a419c8a15dd731b87,Remcos
213eecc6c8dcf62e5c6e49d8e9b66f99940a7ad4d20d7a5b228848838b66f45f,Remcos
2945e6424f51e6077620a867e0f9c725b9b816164366912289ab6c24fdfcb9e6,Remcos
3158906cf7cb3186654bbb62d087b9a150c12c51d2ad67dd9003abeb0f69626a,Remcos
4460d2f4db5ee469f2dee5ebc35d638c61f0e89873fb7a97a87e83f7e5b6fbd1,Remcos
4e62dcea72cf73481dd8dae2bbeb8e1352a5f2510f3deb98ec0b653a4d21f8d8,Remcos
503d3ea67c72d361078289f05f94b6a453d71b2d2701a1c0ff7509d9c6c6bfcd,Remcos
5370711dd45b84b9644b635d03baad08d75ff740364e93ed023adc9c4a297c43,Remcos
563e2ba027e19da0880ef46a9db7a88a7f3f166ae545aa1d09c6372a4ace36fb,Remcos
5ee12dd028f5f8c2c0eb76f28c2ce273423998b36f3fc20c9e291f39825601f9,Remcos
8641910c61f213b8f3643405387fcb92161e3e11fde5f2546b58dce702d702a6,Remcos
88d1a891cfdf09b7e1882582a82c3218d5606ed530764d34ee1410198ca9ee8b,Remcos
94a38857ebeed7d10480fb91a391a891d5a11137fabb8fc67b71c989b5e328e6,Remcos
96424d66b7423dc54b35e4968a809a8b67d1dd8e7d8d3b0d84434edb94c822c5,Remcos
ae1d75a5f87421953372e79c081e4b0a929f65841ed5ea0d380b6289e4a6b565,Remcos
bf2534b2f059547967bb453d67909921a41c10cdd19c1ec346a193060b094e2e,Remcos
c242bfb6aa6d47087d77d25955bd48a5421fb0353049828ec99d44e119874b7a,Remcos
de5992f7c92351d1011fbece2d4bf74ecfc3b09f84aedb12997a2c3bf869de2c,Remcos
e999fdd6a0f5f8d1ca08cf2aef47f5ddc0ee75879c6f2c1ee23bc31fb0f26c70,Remcos
0b8a12b5a5e6e062e98fb30dc996fef1e93353f091a47f4018c56d39605d0866,RevengeRAT
10d4bd37cd29071186b4ef31341edb79a9ae05c6bc8d26c9850cfeccabb90d1f,RevengeRAT
13efa382b10defb99bd1415a12ab885da5ba6773bd651f2a983239bf10bcd5c4,RevengeRAT
14a8b1172f7f0d8cf9bc6fe3aa20f1700170b7e3ea280e85659a72099333e561,RevengeRAT
17a97f5698f2f19b4b43dc985193f734f8146c83d73daf853df9506f58b696b3,RevengeRAT
1eef9ef568703ba6558923ec88cf960ed86086d87488a188709d32827877f528,RevengeRAT
251e3e25584d1a654a395accbcfdb506ec8b9d7039cb3ab725e14415d3c71aad,RevengeRAT
3088fcd46c51e7ace8aee4e9bfb018aa1d0b0a52fbea62e5ef121e4fe637ebfc,RevengeRAT
3248338f08f0a3316dd06a3893ff4a38459eb812d2463265deb73eef4dfcddb3,RevengeRAT
36884fba5e03e2bda056c5345d1e9e2af3d72860c116b0110c9a845fbeb68298,RevengeRAT
373b3164c16714061fa622406c3a012b44f1b6dfdfe5874fdd8e9bb8517a8598,RevengeRAT
3fa2591b208137d68aa87da931d9cc152a62250b7d26755818f362fa5015a99a,RevengeRAT
464f30101630f06013ea65e72b0c043fa1fc83440d9c3367e474d6309d3fe4c9,RevengeRAT
5e226f1c0729d1fbcf6e074e28009d35e2f6eaa4d4eb0c411892ea56e1299c86,RevengeRAT
6101f3210638a6068a9d40077f958e8d8a99ffed686a48426784f368e0ac021b,RevengeRAT
61600526307ec08137967b49b230c03ce8a4e1d2f0d58ea2e5d8b2ab3bf92df7,RevengeRAT
620b8057f975eb2475b9a5a0756f21d4b866acc1f02c418ee3d994b74ee6bb77,RevengeRAT
6def95b2858c043e261b8f4d440abc1436a9dc551906d86a37c5f3331af8cbfc,RevengeRAT
6fe3548e0dc7fb605ee69791b752df0d9f3d8f5db49b2811011ac2a092ab0a28,RevengeRAT
721e44289afb034e90a67fb97eb5efd4d469bc95ba9863f16aed5e5909c76c61,RevengeRAT
77a1430cfd728daa7a61e10f3cdc3409104cae1aed65711c8f5ce425c6920cb7,RevengeRAT
7acd5696306ae7ed8de112f096917487df2d01c2aa66b4b9d2a37ea36b597b1a,RevengeRAT
7eaea64fdfdc4f35ffe3036ee03f54c4aace204533a9d157faafa4a23221980c,RevengeRAT
83d9c57cfc40457b072bdc0e062dd5ca4958a91d8cf3387dbedd99af753da640,RevengeRAT
87f43fd2f6c9d1439ceb250e3bd045a07d9a8c214cf17dc66a8c22a3846b6437,RevengeRAT
89903b38efc7a86da63d547d3d4e3439d64656a030cb289eff4721bc5ada3e13,RevengeRAT
89d302cfe11c5fdca420d12cc36d58b449f24ee761b822cb8a22497af7e873ba,RevengeRAT
8a700793012385a706ef277f043bb5bf8a5ef877e3ba1fac3b5601df7fb36a30,RevengeRAT
8e6c25f517a69c5da329f858b291b4d146c3fd0dd07c17a1d8a6851cddb347eb,RevengeRAT
93b0f634bf697c39175a5ad77cc16e4dabf3a10bb0fe81d7a77156d7e5e6ff12,RevengeRAT
947ddcefbb1170a6fbd1ba341c773444c1833bedecdb4d6684e05b8555765117,RevengeRAT
977d940de630fff225e4917927d47100b75b56444c4117a22aa34b1450dc2930,RevengeRAT
99b70d49377117000eaf367c037ed68c4898b0d8769f7bff88a438a9d82db214,RevengeRAT
99b9e3b1e096a9e19fbf0eabc7d414045121dc10a2cd825eea5b2ee3465621ee,RevengeRAT
9b47e150a9259ae7a6df20f070dc9faf9d5a589347f8db8a9f64c64060cb7606,RevengeRAT
9c8fa4205b2ed8a6f60156bdc39d33a23c6e503cf2f8e69d66bf2980e78bacef,RevengeRAT
9e70c5b4e6bbfaa1f7d410b0d79aae92c23a88ce32f7b6e651bfcfeece407bf7,RevengeRAT
a0b8635c9a7ed11f8d279bdbe0e368908ffd31a5caeb7fc9ae491f86347b4c6b,RevengeRAT
a5c3c96b655d3115a39875e0303951fef2f2d6119b0af9eaadf57bacfae3f5cb,RevengeRAT
aaabc63bd58fa4b8e2cb79630ea5e24c55f29327cae8ca36aae3219b95100669,RevengeRAT
abcce639df67279c73f327b2c511183c00ca96555fe481a4ae417bf752c96efa,RevengeRAT
af4bb34b486434d235ff70d344e3fa4e6d56a83705e1cc288efe219edceded06,RevengeRAT
b0593829ea59d267f511f2685aa8ecf31860e123e0928ca8bf3fc1e30b3c4953,RevengeRAT
b1606f9dc2798f3bcb1db5bd72eeb4720ada1ba13e9d769d223f5f7df8be9a8f,RevengeRAT
b904e2823144ca9ab3161c3e508a88dc35922340e4ff2858e06b40e638bfd359,RevengeRAT
b9b67c885200f90eaf9c4911b3a7f5e6707bcb51d1b892df1bde11013a60f6b5,RevengeRAT
c365b15cb567da7e9c04dffa0de1cb2b8104d5fe668c17691d8c68380bcd6d30,RevengeRAT
c57ff49bfe21e345c2bde30bc8feb60626f3c7839b1c2e5a1f01b9a567f911d8,RevengeRAT
c87fb09929159c2dab63d609d7bde992ce979f3545fbe20ddca0a3f263d9603f,RevengeRAT
d0eacc86ba243aa25112dfdbe4c11b1bc7e90a50921e2dccaefa65e626484a1c,RevengeRAT
d2a16840541f905f7bcecf64e2d7dc827f314c4b97daf6e4cc4262fd91fdd14c,RevengeRAT
e38f7a1882ac64fab611b3be73fda7eece5fb9a6ea131b36985aa60a0988e937,RevengeRAT
e76772ae83e2c79ed4aa80b5b7f4b42c46cea45ed1d15bd004b0dc71bfc41945,RevengeRAT
eacad199f02e26ccdc7a866c18e585f7ee7e2a80ef0325208ddb22b1d059be2f,RevengeRAT
f57fff1b8acdee475b161ec1313452f0fe66077142fc677a63f7914a96890bae,RevengeRAT
f5e170571689b393139b9cea484a9683305129ecbf2ab4ebb93fc997ee1d31aa,RevengeRAT
f69fff5106fc73672569abc62ad85cfa461c237d9222426db20d6565021c110f,RevengeRAT
f759299c255908d9dc75e0a65c7abd3598835c7e29c911f238a2df2b77703db5,RevengeRAT
f7f42dfc0745edd972064828479c2f022e841cc0a7d49e13f02a2b66f25fb260,RevengeRAT
1ee1ba514212f11a69d002005dfc623b1871cc808f18ddfa2191102bbb9f623b,Smokeloader2018
2b5eefc4bc2d34cbe5093332c47b5405cf5c32e8156767fc8bc9ddd9cdcf3018,Smokeloader2018
4a7a228e0870e9daed8a1ccf728d8b0e09680a222b7fe2f3328b58a51376dd4f,Smokeloader2018
6f1a8ee627ec2ed7e1d818d32a34a163416938eb13a97783a71f9b79843a80a2,Smokeloader2018
0278a0ff3a6fc56294995c86444bba7f264b945ed29e91d62e9256157ce6d15e,SquirrelWaffle
07c7cb49350bf3c6de4193fb2eeb8dd92d6662d60393ebd483a54bac80fb0b44,SquirrelWaffle
0b77d31986f63795fc21ee5550c830b82c03e5fb66614493579272ee257e94b0,SquirrelWaffle
12f58b6560f5887c53b8e8e81dff635b11d98af9bd13e5c9472be685bba0134f,SquirrelWaffle
156484ea4614553e22e5356ae521eefb5e90f788090b35c3b388730a80518596,SquirrelWaffle
18cd9e697d749314e471c97e33b821847229c4347fc6f438a5f9d7fa61f6f0dd,SquirrelWaffle
1d8efc7665bc83f1d7fe443ef4ce6c52eb4829769de0f7fb890b5b12bbcb92bd,SquirrelWaffle
2532083859417ec55d85a2412a678c2ff3219d473e6abfca158e4bc75ef8c8b9,SquirrelWaffle
278f92d704ed714c94aa4ccf397552d57e04455565cf18139ac46e6f3b30177d,SquirrelWaffle
2ac3570a2aa79bd927834c3e2e432bb5e424aa4ef3a58186eaba7e0a68d14104,SquirrelWaffle
34d8b1b9cf7dc8df7ad1920bc8c36e8270688d641f0c91e1ac8e533192f064fb,SquirrelWaffle
4059cece6ea7ec1dbd1a1bd8f3519136bd901927b0d5523a8c6b26f8a65ce1d5,SquirrelWaffle
4545b601c6d8a636dce6597da6443dce45d11b48fcf668336bcdf12ffdc3e97e,SquirrelWaffle
4a17ba3c9d23d3b88fe2c87cfbfa1d09becfc57663ec1871e87b52ab96c16ccc,SquirrelWaffle
4aaae627ad4d7e56521555d5bcc8ab7b0c7d740ae480dda84ebd4dd5ff1c529e,SquirrelWaffle
4f56b79da4f1e69c580301c9b7ef3e27a5853005724d5a171bc198d14cc1a1ce,SquirrelWaffle
52fb3c04bce3b71fce210161d8c711740b316ffbfe30e944e03e90725c1ac77f,SquirrelWaffle
5582447866948a38cb3d1013759854142cbbdc812de3d821c5d4c151e4ebbe6f,SquirrelWaffle
6095f96dd5eca96a3fb9338eec4ab574921c0febb36f6a6db60aae1aeb9ffcab,SquirrelWaffle
64553e413d3b722bf9abac652867d4bfbb4855de8a60c142e9aa5f825a0c4ed2,SquirrelWaffle
6f654464d2aef691927c54f432b736b1724788e782a3fafbea3717e13ae5c6e7,SquirrelWaffle
7557edd9105983e0a0b91d04ae06cf2966d451859044c7aeac016e1f1ec032bb,SquirrelWaffle
7e640487aee9ff0b3082e36046e3f59302892ca3210bb40732cee1f3be77c0ad,SquirrelWaffle
85569f094eae1b6e66e0ab9d3dc0f653e3a411ef01b4fbed5ef6e462d3afeb77,SquirrelWaffle
9bf4028b6581222692b1475d5d804e6985d964eaadc2b22c144fbac21e726ad9,SquirrelWaffle
ab05d6335b06a0dbc41386c7c356202b4e07dcf76a4932ed4d4e7dd69b7a3101,SquirrelWaffle
aca485160e43138fabceca42cd680f9a0e3ec31e386a9c25df3cbb3a9b2a9935,SquirrelWaffle
b0441bc63773e1719aac9acbd99f6e72bdd31017038e5e26af2646bef8c974f3,SquirrelWaffle
c34c4daf99203c404268764478345e7153cd9a01dcdcece04a9f200e35dd030c,SquirrelWaffle
c88f8d086be8dd345babad15c76490ef889af7eaecb015f3107ff039f0ed5f2d,SquirrelWaffle
c8f8edd8870c3117cc3e80b54e99576da02fd17a521e4cf85c10185d45b2c708,SquirrelWaffle
ccd8a0988a8838566db9201af244a400700ae6ab4ee996cf062272c9a4767568,SquirrelWaffle
d6caf64597bd5e0803f7d0034e73195e83dae370450a2e890b82f77856830167,SquirrelWaffle
de7efe687330b83242dbd1dc00b380933b238b490ba6ba2617330bdf54d1a9ea,SquirrelWaffle
ff86db5292bdfa707e873112a8001cb15b5d53c2c47c9b6509b17618cdc494b0,SquirrelWaffle
a3325b6453633c0898c30ac0b28682b3ee6cb3ba4677388f26a51ece381079bd,Tofsee
03944d9cd1ad0759158e31fe8ffa3a575dde491ad7472acda15d3d18f8b59954,Trickbot2019
12e8006a018c424bcb76b7c97d880314c08f79d8951a545d92d73034f5778ec7,Trickbot2019
13d0a83f88baf5df82809d5ddc119f7075f5dd354b0d53af452f1282875326e6,Trickbot2019
16ac41eb6d5f3d25a0f3d0bba0ccf893b02f2c2b7a6f7dbdb2156a2e0392438a,Trickbot2019
17c8b14b038e54bb65af1a9d464d4f7dfc4318f09c9a8c05c96b0de8ce561c6b,Trickbot2019
194f14146ed498074cb229f3941740463913e79bc4a08a765f2ffd490dfbbdd0,Trickbot2019
1a932426f2605138840adbf25336bf1cb17bd6cc301692f7b0fba27633805321,Trickbot2019
1fea7370ceaac6323d388cb4269720e943f15c12baef565490f95f9e3794614e,Trickbot2019
20551cbd050c0161c37caf30d6e514013952080e74e0101c15346c81cf8d7f2a,Trickbot2019
229d33d05887ac47da1ebffc1ccab24d6e144354aaccb2f581122f765e49a12c,Trickbot2019
23ef1d0be7851eaae9a21e655e03a7b3cfb47e702fee0c492b159474c3168747,Trickbot2019
25f4784c17902decbb038304f3d547e6f39af7f3eabe5408e89ac8b096569f27,Trickbot2019
2949a703a0dcf010e11942816031d774a59ec2b5320d6214c7e52a6390b82620,Trickbot2019
2ac4344963c069649ec1566514186c00624e4ca168c94ef0cd46106bc4cc761a,Trickbot2019
2d2075ba557f1bb0474c706678890383c93fd5a8f621cd4b328a545b088ab4d0,Trickbot2019
2d7815df9e8a12e51a611450fdf16b53044ef0ada6e4a028663def9f14f21ce0,Trickbot2019
340f159004fa42c10cddcb63e55bae65c013848e6227c8553c8a634704e03986,Trickbot2019
35030bca598f6d38bf753df2c51fa0b43a0189f44438728efd0b17027cb7d6f6,Trickbot2019
37b4cd0319c0c0be2856b675696d3b0a5ad14f41fc6ad71bcc51f87bc02aa1cd,Trickbot2019
37d1d5c9e82dfc4401865662af2bc8cab81efe6f75fb9c7c2118a6d6effa4687,Trickbot2019
38789619c9e5b7b1b19dc1a0bb98daa3314ed0862b753763b68b3e6371dc0828,Trickbot2019
3e80a75d18a80f11b37c670b3eda9a4bb8dcc105563f29f6f658d543c5fe3948,Trickbot2019
44faf11719b3a679e7a6dd5db40033ec4dd6e1b0361c145b81586cb735a64112,Trickbot2019
46fe184bd27b380d898e9a617cad2423681e2817d150b916e850e53fdb820784,Trickbot2019
48d30cefb261ea22a099e934c000a306e68cdcc297a75785fb2c1b0a5f9c6e67,Trickbot2019
4a66279719169895ee353164bebd0d14aea7bd6588fe0d4cea242465b260a519,Trickbot2019
4b8f17d0b516f536d4bafce957990b494f1651b130827c2d066e2c4e592f44ec,Trickbot2019
4c03c1391ae7c6314245f62a32b9226df79074be61ad6f7a000f32707925f0f9,Trickbot2019
4e42cd765cf0ab37b5a1141d446607a672473d409a7da92a34a3add36ce1a8c7,Trickbot2019
54edbad457c34d6295cb399d0ec1d496ae96a98040d51b5a736135c1bf1b2dbe,Trickbot2019
551a6754ec403caadb72d229ec0203f5bb4508b1b28029833e48a3913525d9de,Trickbot2019
59825758b04b55beb99716189bc4557b19a5dc366cbf34cb657ee632095e7774,Trickbot2019
5c49e59a65499989081ae896fd9748ef572315a3c064e63e246a670d1d292fe0,Trickbot2019
5efb96495538937fe47d41b0d7e98db37de61e6f593d349238286df075c1397c,Trickbot2019
6007c25620b1526827fb41b826a27c6081083bda6fd951254d83c56b8e7d130c,Trickbot2019
623534bf150f2538edb27e51ed56b92f464adb5da8e2db378ec3a666fcb64772,Trickbot2019
62bb4cb02f895868d4d15cfda542bfe14d790470e6f4faaed0761536d9e1ec97,Trickbot2019
686831b801833681a66bf8d26369358725d6eeb3d6a59dfba359d0cffc0a6879,Trickbot2019
6a838e9abefefcc95ebdf3634ef5175d8fe42785abd0579c9371ded43bc460c2,Trickbot2019
6c59d5e1cbc381e8fabd6886b9202ccb8cb47fde6d197ef656ca9038d720562b,Trickbot2019
6d64abd7986e0caefe99c4c11f23ee79dc583b5ae8667b44b224cbc2ed5587db,Trickbot2019
6d66a4472344e30d7e7c3a5aaeed4bd4748f5fda953f0762185ee112f270d9c2,Trickbot2019
71d6c8a2a0201af5013f6624738ca844095d6f50d7a31f105e60726d54589918,Trickbot2019
74851f7bc1fc7c89b7a0ebde6ccd00a40d025dc74eab44a9280ee92c5a0bb6ca,Trickbot2019
753851e7fa1e0080333f93109d7dd4e18a32ca75047fb5a37de2fe8c6d671f51,Trickbot2019
7560718d9a009c139ca44a4fd04564fbc9541d74d345104da12bf7a1c7833b3b,Trickbot2019
79afe5679da9d8a1cf5d57e6813a96254d88e86d2e1c0a5466aace6b5ffb92a2,Trickbot2019
7acd91a84c5bea43ad99688a67760fd0826bc7d67b0de373292f06ecbe2d9297,Trickbot2019
80bbe2b16f8f6574b897ae406571ef679acbe35c71bffa8571e338afefab0633,Trickbot2019
81cb4e71e4327b1969f30625661c6e027c8e33cfc04be4acd20cbe3a913c236b,Trickbot2019
823e680c8c8b03a264a6cd347b84ee72913622f0bc675b18a0b3dbe0cb11422a,Trickbot2019
8311beb3ac4d23b7c114fffbacbf366b50102f49ccc4784b525e3738e4868f72,Trickbot2019
852354e2ebd9c57e10adefe64d13f81a106381b849e55575b340cd79d3369830,Trickbot2019
85d192ed101e15ae219e649f1fe182c1682a6abe7f452880bec30bc77a167922,Trickbot2019
8d6e5a67290d22e5bb7e2beed6d83c67bb40455c3a2e27e802997aaa7f98760a,Trickbot2019
9373dd5aeea4258abed94cae3f4cf771b59714f6b7f31efb16394108cf3a9e2d,Trickbot2019
96d15395ea0431de1289ee49cf48d5cc87a434357676315cf3095f93eeda777d,Trickbot2019
97fca9ba34eecc0fa1407711e61504ac91eac722733234b093f280e2227238c4,Trickbot2019
989109101e065aaa1e86b67a3f4629229047ce2c5bf39da53f775e54ee888534,Trickbot2019
98dd50a96301fae6c07eafed51df1d5d1bd444a7920a076cc2a72bb483ae9542,Trickbot2019
a22d41a871760c300f9584ff515b872ea15ba961d1b993db8f60a4e59232f738,Trickbot2019
a56b3ed1cec1ece071402cbfde24aca483d687d93fd92b1a53da8f2b02014be8,Trickbot2019
a5dbee433d7d11dfff76b54e00c1879f969787f9b760908add1f89946381165e,Trickbot2019
a75d65360e93d601f64e323f50a3c249484e240e4027c2e74806e41ee24b5b35,Trickbot2019
ac73a81e718024573c81ca9823e97ac99be24d1c7441d38aa096a5bdcd0dfffc,Trickbot2019
b9b992d27c996693b7d315b58a51a562e9c9286728fa162d0204fad15cc68a28,Trickbot2019
b9cf5c6061a534696a297c0bebe47274d3ae805e72acef0456d3d98bb38fc7bd,Trickbot2019
bbe02e749c9d0d47527a268418fd354f4bf7351657e25cdc5e7dd79ee5a32b41,Trickbot2019
bd49f6d5e49f5dd45a38128ef576a86f1c447842d7a428ae08c7e33e321ed7aa,Trickbot2019
c28522e02d279c2fdb47d79b98976d2cf63347121dbbb467e12ce0eafb4369b9,Trickbot2019
c2c6c18c0424f93894644d3ae97fca261b95ca93258ceb4af08186f1eacef617,Trickbot2019
c5e66af397e8837535d7967b137e7486dd2184343f17523b6f78f8e10021af26,Trickbot2019
c98366526022af2d7c17edf78d0bc5856aabebdf712f314574c6c9bc65454cd5,Trickbot2019
ce6acf274744f0f200528105f3beead449d07197eb1e66b43a2616168e0b4d8d,Trickbot2019
d074fb6c3138857f6d380c9cd2907b7b64a83f5c3eb22b868598fbb6b70f85a5,Trickbot2019
d93533364658bec1f5e8b9f945653e0136ee86abf812d1981f547405be7c4128,Trickbot2019
d98d4c2dc4f7f2401674c69c8f330fbf91ba0e3ced7cff66d2b00a0b75ade92a,Trickbot2019
df7d07f1644291bf287f54a80a940e5f86dd13d5ba55a91fe61e6279f9b34228,Trickbot2019
e01d510b8fda4031e49804f8ea90201db08580a43f972762e0da826e5e34fca2,Trickbot2019
e457f74c8de509042e435cc5e50d62ab71e33624f3abd44772bb7575ec92184d,Trickbot2019
ef4738378cb83741acae0aea278d1560d117e4416b672b2ad5e2f50c4a878dde,Trickbot2019
f248bb153e0c23bb39d85599e94f8f47bf41661edb584f52c741d2922e01de05,Trickbot2019
f8940af800cf409efa1603aba3941ac5648ef7218c80b6aa708159ba2be124fe,Trickbot2019
fd37186418342958d36801019bda7c7ec4905c2bb5309dd2524ed78a0bf7a7eb,Trickbot2019
fde260c3be254e0f85f3b5ec6f62c021318b19e06750269cece6b93bb9b8cc88,Trickbot2019
fe8f3592c9cefb2b8950ad6fa2461d2547b88c1a898ac4a7f54031fecfb82b8f,Trickbot2019
0660059f3e2fb2ab0349242b4dde6bf9e37305dacc2da870935f4bede78aed34,Vidar
15abc3f55703b89ff381880a10138591c6214dee7cc978b7040dd8b1e6f96297,Vidar
4587da5dca2374fd824a15e434dae6630b24d6be6916418cee48589aa6145ef6,Vidar
6ec8b7ce6c9858755964f94acdf618773275589024e2b66583e3634127b7e32c,Vidar
af04334369878408898a223e63ec50e1434c512bc21d919769c97964492fee19,Vidar
80d416d3b4365da4e75ba83de050077d46f4111c2af098c21694a30a86d42cfe,Warzonerat
919f65801a6065b533554254df39353ab4ef572a864afdfd26bb349717a49a80,Warzonerat
d9a2c91b3bd7a0c4637422b117673dfdda7326877a30f472cda141b372b275b3,Warzonerat
